sno,YearCopy,Source.Name,Call type,Format,P1,P2,P3,P4,P5,P6,P7,P8,P9,P10,P11,P12,C1,C2,C3,C4,C5,C6,C7,C8,C9,C10,C11,C12,DeltaTimeS12,Year,Year5,Decades,Twos,Threes,4 Years
1,1982,0000820504_41935ML Phylloscopus humei India Ben King_1982.Table.5.selections_12splits.txt,a,wav,3962.109,4220.508,4565.039,4909.57,5426.367,4134.375,4220.508,4220.508,4134.375,4048.242,4306.641,3531.445,3875.977,4134.375,4565.039,4909.57,5426.367,4048.242,4306.641,4306.641,4220.508,3962.109,4306.641,3531.445,0.0192,1982,F1,D1,Tw01,T01,IV01
2,1983,00008302xx_Netherlands_Cornelius_P. humei_022A-WS4368XXXXXX-0101M0.Table.4.selections_12splits.txt,a,wav,3375,3750,4125,4312.5,4312.5,5062.5,4312.5,3562.5,3937.5,3750,3562.5,3375,3375,3750,3937.5,4312.5,4500,4875,4312.5,3562.5,3937.5,3750,3562.5,3375,0.0173,1983,F1,D1,Tw01,T01,IV01
3,1983,00008306xx_Kyrgystan_Svensson_P. humei_022A-WS4368XXXXXX-0107M0.Table.4.selections_12splits.txt,a,wav,3375,3937.5,4125,4312.5,4500,4875,3937.5,4125,4125,3562.5,3937.5,3937.5,3375,3937.5,4125,4312.5,4875,5062.5,3750,4125,4125,3562.5,3750,3750,0.0168,1983,F1,D1,Tw01,T01,IV01
4,1986,00008602xx_Bharatpur_Hansen_P. humei_022A-WS4368XXXXXX-0104M0.Table.4.selections_12splits.txt,b,wav,3375,3562.5,3750,3937.5,3937.5,4500,4687.5,5250,5250,4875,3937.5,3750,4687.5,3562.5,3750,3937.5,3937.5,4500,4687.5,5062.5,4875,5062.5,4312.5,3937.5,0.0149,1986,F2,D1,Tw03,T02,IV02
5,1986,00008602xx_Bharatpur_P. humei_Scharringa_022A-WS4368XXXXXX-0106M0.Table.4.selections_12splits.txt,b,wav,3562.5,3750,3937.5,4125,4687.5,4687.5,3562.5,3750,3937.5,3375,3750,3375,3375,3750,3937.5,4125,4500,4687.5,4312.5,3750,3937.5,3375,3750,3375,0.0171,1986,F2,D1,Tw03,T02,IV02
6,1986,00008605xx_Tuva Russia_Nicolai_P. humei_022A-WS4371XXXXXX-0104M0.Table.4.selections_12splits.txt,b,wav,3750,3937.5,3937.5,4312.5,5250,5437.5,4875,4875,5062.5,4312.5,3937.5,3375,3750,3937.5,3937.5,4125,5062.5,5250,4500,4875,4875,4125,3937.5,3562.5,0.0136,1986,F2,D1,Tw03,T02,IV02
7,1986,00008606xx_xxxx_Svensson_P. humei_022A-WS4368XXXXXX-0110M0.Table.4.selections_12splits.txt,a,wav,3562.5,3750,3750,4125,4312.5,4125,3750,3750,3750,3375,3750,3562.5,3562.5,3750,3937.5,4125,4312.5,3937.5,3750,3750,3750,3375,3750,3562.5,0.0173,1986,F2,D1,Tw03,T02,IV02
8,1989,0000890000x_ Phyloscopus humei _Trevor Price overa Humei1989.Table.4.selections_12splits.txt,b,wav,3962.109,4134.375,4306.641,4995.703,4478.906,3962.109,4392.773,4134.375,3703.711,3962.109,4134.375,4048.242,3962.109,4134.375,4306.641,4823.438,4823.438,4134.375,4392.773,4134.375,4134.375,3962.109,4134.375,3962.109,0.0151,1989,F2,D1,Tw04,T03,IV02
9,1989,00008912xx_Nepal_Sebastian_P. humei_022A-W0001X0537XX-0135M0_7.Table.4.selections_12splits.txt,a,wav,5857.031,3617.578,3703.711,3875.977,4048.242,4392.773,4823.438,5081.836,5340.234,5598.633,5857.031,4651.172,5857.031,3531.445,3703.711,3875.977,4048.242,4306.641,4823.438,5254.102,5167.969,5340.234,5770.898,4909.57,0.0131,1989,F2,D1,Tw04,T03,IV02
10,1990,00009001xx_Bharatpur_Sebatian_P. humei_022A-W0001X0537XX-0115M0.Table.4.selections_12splits.txt,a,wav,3703.711,4134.375,4134.375,4392.773,4737.305,5512.5,5426.367,4048.242,3789.844,3962.109,4306.641,4306.641,3703.711,4048.242,4134.375,4392.773,4651.172,5512.5,4392.773,4048.242,3875.977,4048.242,4220.508,4220.508,0.0154,1990,F2,D1,Tw05,T03,IV03
11,1991,0000910000x_Phylloscopus humei Bharatpur K91 2_489-491.Table.4.selections_12splits.txt,a,wav,3468.75,3656.25,3843.75,3937.5,4031.25,4968.75,3562.5,3562.5,3656.25,3093.75,3937.5,3843.75,3468.75,3750,3843.75,3937.5,4125,4875,3750,3562.5,3656.25,3562.5,3937.5,3843.75,0.0162,1991,F3,D1,Tw05,T04,IV03
12,1991,0000910000x_Phylloscopus humei call Bharatpur Ind91 2_436-468.Table.4.selections_12splits.txt,b,wav,5812.5,3843.75,4031.25,4031.25,4312.5,4593.75,5062.5,5718.75,5343.75,6750,6750,4875,6000,3843.75,3937.5,4031.25,4312.5,4500,4968.75,5625,5343.75,6468.75,6468.75,5062.5,0.0138,1991,F3,D1,Tw05,T04,IV03
13,1991,0000910000x_Phylloscopus humei call Bharatpur Ind91 2_436-468.Table.7.selections_12splits.txt,b,wav,4312.5,3468.75,3656.25,3937.5,4125,4218.75,4312.5,5437.5,5343.75,4218.75,4875,4406.25,4218.75,3468.75,3562.5,3843.75,4031.25,4218.75,4312.5,5156.25,5250,4218.75,4968.75,4312.5,0.0137,1991,F3,D1,Tw05,T04,IV03
14,1991,0000910000x_Phylloscopus humei Call Bharatpur Ind91 2_549-570.Table.10.selections_12splits.txt,b,wav,3468.75,3562.5,3656.25,3750,3937.5,4125,4500,4968.75,5062.5,3750,3468.75,3468.75,3656.25,3562.5,3656.25,3750,3937.5,4125,4406.25,4875,4968.75,3750,3468.75,3468.75,0.0133,1991,F3,D1,Tw05,T04,IV03
15,1991,0000910000x_Phylloscopus humei Call Bharatpur Ind91 2_549-570.Table.4.selections_12splits.txt,b,wav,5343.75,3281.25,3468.75,3937.5,4031.25,4500,4593.75,5062.5,5156.25,4406.25,4968.75,4406.25,5343.75,3281.25,3468.75,3843.75,4031.25,4406.25,4593.75,5156.25,4968.75,4406.25,5062.5,4406.25,0.0138,1991,F3,D1,Tw05,T04,IV03
16,1991,0000910000x_Phylloscopus humei Call Bharatpur Ind91 2_549-570.Table.7.selections_12splits.txt,a,wav,4875,6281.25,3562.5,3656.25,3750,4406.25,5156.25,5156.25,4406.25,6375,4500,4218.75,4781.25,5343.75,3562.5,3656.25,3656.25,4312.5,5156.25,5156.25,4312.5,6375,5062.5,4218.75,0.014,1991,F3,D1,Tw05,T04,IV03
17,1991,0000910300x_Phylloscopus humei L PA_91_03_653-.Table.4.selections_12splits.txt,b,wav,3359.18,3531.445,3531.445,3789.844,3875.977,4134.375,4565.039,4823.438,4478.906,6201.562,4392.773,3962.109,3273.047,3445.312,3531.445,3703.711,3875.977,4048.242,4478.906,4823.438,4478.906,4737.305,4565.039,3962.109,0.0136,1991,F3,D1,Tw05,T04,IV03
18,1991,0000910300x_Phylloscopus humei L PA_91_03_653-.Table.7.selections_12splits.txt,a,wav,3531.445,3531.445,3617.578,3962.109,4048.242,4478.906,4737.305,3359.18,3359.18,2928.516,3617.578,3531.445,3359.18,3531.445,3703.711,3962.109,4048.242,4478.906,4565.039,3359.18,3359.18,3186.914,3617.578,3445.312,0.0182,1991,F3,D1,Tw05,T04,IV03
19,1991,00009111xx_Nepal_Pholt_P. humei_022A-WS4370XXXXXX-0108M0.Table.4.selections_12splits.txt,a,wav,4875,3375,3750,3937.5,4312.5,4500,5062.5,4687.5,3375,3375,3562.5,4125,4875,3562.5,3750,3937.5,4125,4500,4875,4687.5,3375,4500,3562.5,4125,0.0182,1991,F3,D1,Tw05,T04,IV03
20,1991,00009111xx_Nepal_Pholt_P. humei_022A-WS4370XXXXXX-0109M0.Table.4.selections_12splits.txt,a,wav,3750,3937.5,4312.5,4312.5,4687.5,4875,4875,3750,3750,4312.5,4125,3937.5,3562.5,3937.5,4125,4312.5,4687.5,4687.5,4500,3937.5,4125,4312.5,4125,4125,0.0169,1991,F3,D1,Tw05,T04,IV03
21,1991,00009111xx_Nepal_Pholt_P. humei_022A-WS4370XXXXXX-0111M0.Table.4.selections_12splits.txt,a,wav,2437.5,3375,3937.5,3750,3937.5,4125,4500,5062.5,4687.5,3937.5,3937.5,3937.5,3937.5,3375,3750,3750,3937.5,4125,4687.5,4875,4312.5,3937.5,3937.5,3937.5,0.0179,1991,F3,D1,Tw05,T04,IV03
22,1992,0000920000x_Phylloscopus humei Call Bharatpur Ind92 185-230.Table.4.selections_12splits.txt,a,wav,3656.25,3750,3843.75,4125,4406.25,4687.5,4781.25,3375,3375,3375,4031.25,3750,3656.25,3750,3843.75,4125,4406.25,4781.25,4500,3375,3468.75,3375,4031.25,3750,0.0169,1992,F3,D1,Tw06,T04,IV03
23,1992,0000920000x_Phylloscopus humei Call Bharatpur Ind92 185-230.Table.7.selections_12splits.txt,b,wav,6281.25,3750,3750,4031.25,4218.75,4406.25,5062.5,5625,4968.75,6187.5,4593.75,4406.25,6187.5,3750,3750,3937.5,4218.75,4406.25,4968.75,5531.25,5156.25,6093.75,5062.5,4406.25,0.014,1992,F3,D1,Tw06,T04,IV03
24,1992,0000920100x_Phylloscopus humei L PA_92_01_553-.Table.4.selections_12splits.txt,b,wav,4995.703,3703.711,3703.711,3962.109,4048.242,4478.906,4737.305,4995.703,5512.5,5081.836,5081.836,4737.305,5254.102,3617.578,3789.844,3962.109,4048.242,4392.773,4737.305,5167.969,5340.234,5340.234,5254.102,4737.305,0.015,1992,F3,D1,Tw06,T04,IV03
25,1992,00009201xx_Bharatpur_Pholt_P. humei_022A-WS4369XXXXXX-0102M0.Table.4.selections_12splits.txt,b,wav,5062.5,5625,3750,3750,3937.5,4500,5250,5625,5812.5,7312.5,6000,4500,5062.5,5062.5,3562.5,3750,3937.5,4500,5250,5625,5812.5,6937.5,5625,4312.5,0.0156,1992,F3,D1,Tw06,T04,IV03
26,1992,00009201xx_Bharatpur_Pholt_P. humei_022A-WS4369XXXXXX-0103M0.Table.4.selections_12splits.txt,b,wav,3187.5,3375,3562.5,3750,4125,4312.5,4687.5,6187.5,4312.5,3937.5,3562.5,3187.5,4687.5,3375,3562.5,3750,3937.5,4500,4687.5,6000,4875,3937.5,3375,3187.5,0.0169,1992,F3,D1,Tw06,T04,IV03
27,1992,00009201xx_Corbett_Pholt_P. humei_022A-WS4369XXXXXX-0101M0.Table.4.selections_12splits.txt,b,wav,5437.5,3375,3562.5,3562.5,3937.5,4312.5,4312.5,4687.5,4875,6187.5,4875,4500,5062.5,3375,3562.5,3562.5,3937.5,4125,4312.5,4875,4875,5062.5,5062.5,4312.5,0.0132,1992,F3,D1,Tw06,T04,IV03
28,1992,00009201xx_Corbett_Pholt_P. humei_022A-WS4369XXXXXX-0101M0.Table.7.selections_12splits.txt,a,wav,3375,3562.5,3562.5,3750,4312.5,4875,4312.5,3187.5,3187.5,3000,3750,3375,3562.5,3562.5,3562.5,3750,4125,4875,4500,3187.5,3187.5,3187.5,3750,3375,0.0162,1992,F3,D1,Tw06,T04,IV03
29,1993,00009301xx_Bharatpur_Pholt_P. humei_022A-WS4369XXXXXX-0104M0.Table.4.selections_12splits.txt,b,wav,3375,3375,3562.5,3562.5,3750,3750,3937.5,4500,4687.5,4125,6562.5,4500,3375,3375,3375,3562.5,3750,3750,3937.5,4500,4687.5,4125,6375,4500,0.0149,1993,F3,D2,Tw06,T04,IV03
30,1993,00009301xx_Bharatpur_Pholt_P. humei_022A-WS4369XXXXXX-0105M0.Table.4.selections_12splits.txt,b,wav,5062.5,3562.5,3750,3937.5,4125,4500,5062.5,5250,5250,6562.5,5812.5,5250,5250,3562.5,3750,3937.5,4125,4312.5,4687.5,5250,5250,5437.5,5812.5,5062.5,0.0133,1993,F3,D2,Tw06,T04,IV03
31,1993,00009301xx_Bharatpur_Pholt_P. humei_022A-WS4369XXXXXX-0106M0.Table.4.selections_12splits.txt,b,wav,5250,3375,3375,3750,3937.5,4312.5,5062.5,5062.5,5625,5812.5,3937.5,3562.5,4875,3375,3375,3750,3937.5,4312.5,5062.5,5062.5,4500,5437.5,4125,3562.5,0.0176,1993,F3,D2,Tw06,T04,IV03
32,1993,00009301xx_Bharatpur_Pholt_P. humei_022A-WS4369XXXXXX-0107M0.Table.4.selections_12splits.txt,b,wav,5625,3562.5,3750,4125,4125,4312.5,4687.5,5062.5,5062.5,5437.5,6187.5,4875,5250,3375,3750,3937.5,4125,4312.5,4687.5,5062.5,5062.5,6375,6187.5,4687.5,0.0161,1993,F3,D2,Tw06,T04,IV03
33,1993,00009301xx_Bharatpur_Pholt_P. humei_022A-WS4369XXXXXX-0107M0.Table.7.selections_12splits.txt,b,wav,5250,3375,3750,3937.5,4312.5,4312.5,4687.5,4687.5,6187.5,5062.5,3937.5,4500,5062.5,3375,3562.5,3937.5,4125,4312.5,4687.5,4500,6000,4687.5,3937.5,4500,0.0195,1993,F3,D2,Tw06,T04,IV03
34,1993,00009301xx_Bharatpur_Pholt_P. humei_022A-WS4369XXXXXX-0108M0.Table.4.selections_12splits.txt,b,wav,5437.5,5812.5,6562.5,3562.5,3750,4312.5,4500,4875,5062.5,4500,6375,5250,5437.5,6187.5,6375,3562.5,3750,4125,4312.5,4875,4875,4687.5,6562.5,5250,0.0151,1993,F3,D2,Tw06,T04,IV03
35,1993,00009301xx_Bharatpur_Pholt_P. humei_022A-WS4369XXXXXX-0108M0.Table.7.selections_12splits.txt,b,wav,6000,6375,6750,3562.5,3937.5,4312.5,4687.5,5062.5,5062.5,6375,6000,4500,6000,6375,3562.5,3562.5,3937.5,4125,4500,5062.5,5062.5,6375,5625,4500,0.0153,1993,F3,D2,Tw06,T04,IV03
36,1993,00009301xx_Bharatpur_Pholt_P. humei_022A-WS4369XXXXXX-0109M0.Table.4.selections_12splits.txt,b,wav,4687.5,3187.5,3375,3375,3750,3750,4312.5,4312.5,4875,4312.5,4500,4312.5,3375,3187.5,3375,3375,3750,3937.5,4312.5,4500,4875,4500,4500,4312.5,0.0192,1993,F3,D2,Tw06,T04,IV03
37,1993,00009301xx_Bharatpur_Pholt_P. humei_022A-WS4369XXXXXX-0110M0.Table.4.selections_12splits.txt,b,wav,4312.5,3375,3375,3562.5,3937.5,3937.5,4687.5,4500,4875,3937.5,3562.5,3562.5,4500,3375,3375,3562.5,3937.5,4125,4687.5,4500,5250,4125,3562.5,3375,0.0174,1993,F3,D2,Tw06,T04,IV03
38,1993,00009301xx_Bharatpur_Pholt_P. humei_022A-WS4369XXXXXX-0111M0.Table.4.selections_12splits.txt,b,wav,5437.5,3375,3375,3562.5,3937.5,4312.5,4687.5,4125,5437.5,3937.5,3562.5,3000,5250,3375,3375,3562.5,3750,4312.5,4687.5,4500,5250,3937.5,3562.5,3000,0.018,1993,F3,D2,Tw06,T04,IV03
39,1993,00009301xx_Bharatpur_Pholt_P. humei_022A-WS4369XXXXXX-0112M0.Table.4.selections_12splits.txt,b,wav,3562.5,3562.5,3562.5,3562.5,3937.5,4125,4687.5,4500,4125,3937.5,3562.5,3187.5,3750,3562.5,3562.5,3562.5,3937.5,4312.5,4687.5,4500,4687.5,3750,3375,3187.5,0.0183,1993,F3,D2,Tw06,T04,IV03
40,1993,00009309xx_Kazakistan_Pholt_P. humei_022A-WS4370XXXXXX-0115M0.Table.4.selections_12splits.txt,b,wav,5812.5,3562.5,3562.5,3375,3562.5,4125,4687.5,5062.5,4875,6750,5437.5,4312.5,5625,3375,3375,3375,3562.5,3937.5,4500,5062.5,4875,4687.5,5437.5,4312.5,0.015,1993,F3,D2,Tw06,T04,IV03
41,1993,00009309xx_Kazakistan_Pholt_P. humei_022A-WS4370XXXXXX-0116M0.Table.4.selections_12splits.txt,b,wav,4875,3375,3562.5,3562.5,3562.5,4125,4125,4875,4875,4312.5,5250,4875,4875,3375,3375,3562.5,3562.5,3937.5,4125,4875,4875,4500,5250,4875,0.0145,1993,F3,D2,Tw06,T04,IV03
42,1993,00009309xx_Kazakistan_Pholt_P. humei_022A-WS4407XXXXXX-0115M0.Table.4.selections_12splits.txt,b,wav,3562.5,3562.5,3562.5,3750,4125,4687.5,4687.5,5625,4875,3750,3562.5,3375,3562.5,3562.5,3562.5,3750,3937.5,4500,4500,5625,4687.5,3750,3375,3187.5,0.0197,1993,F3,D2,Tw06,T04,IV03
43,1993,00009309xx_Kazakistan_Pholt_P. humei_022A-WS4407XXXXXX-0115M0.Table.7.selections_12splits.txt,b,wav,3000,3562.5,3562.5,3750,3937.5,4500,4875,3562.5,4875,3750,3562.5,3187.5,3000,3562.5,3562.5,3750,3937.5,4312.5,4687.5,4500,4875,3750,3562.5,3187.5,0.0206,1993,F3,D2,Tw06,T04,IV03
44,1994,00009401xx_Bharatpur__Drijvers_P. humei_022A-W0001X0228XX-0101M0.Table.4.selections_12splits.txt,b,wav,4909.57,3703.711,3875.977,3875.977,4220.508,4478.906,4478.906,4995.703,4823.438,4823.438,5167.969,4909.57,5081.836,4220.508,3875.977,3875.977,4220.508,4392.773,4737.305,5081.836,4737.305,4995.703,5254.102,4823.438,0.0135,1994,F3,D2,Tw07,T05,IV04
45,1994,000094xxxx_Phylloscopus humei_Trevor Price_Loud_humei(1)_Manali 1994 Trevor.Table.4.selections_12splits.txt,c,wav,4392.773,3962.109,6287.695,6287.695,3445.312,4048.242,4478.906,4565.039,4823.438,4392.773,5340.234,4995.703,4392.773,3875.977,6201.562,5770.898,3445.312,4048.242,4392.773,4565.039,4737.305,4392.773,5426.367,4909.57,0.0163,1994,F3,D2,Tw07,T05,IV04
46,1994,000094xxxx_Phylloscopus humei_Trevor Price_Loud_humei(1)_Manali 1994 Trevor.Table.7.selections_12splits.txt,c,wav,4220.508,3703.711,5770.898,5512.5,3445.312,3875.977,4565.039,4737.305,4565.039,3789.844,4995.703,4392.773,4392.773,3703.711,5770.898,5512.5,3445.312,3875.977,4478.906,4737.305,4478.906,4220.508,5254.102,4478.906,0.0157,1994,F3,D2,Tw07,T05,IV04
47,1994,000094xxxx_Phylloscopus humei_Trevor Price_PhumeiRbM_Manali 1994 Trevor.Table.4.selections_12splits.txt,c,wav,3875.977,3359.18,3186.914,3186.914,3617.578,4134.375,4478.906,4909.57,4995.703,4478.906,6115.43,5340.234,4995.703,3703.711,3186.914,4306.641,3617.578,4134.375,4478.906,4823.438,4995.703,4565.039,6115.43,5167.969,0.0155,1994,F3,D2,Tw07,T05,IV04
48,1996,00009601xx_Bharatpur_Harrap_P. humei_022A-W0001X1735XX-0132M0.Table.4.selections_12splits.txt,c,wav,3273.047,2842.383,2842.383,2842.383,3445.312,3962.109,4478.906,4651.172,4909.57,4909.57,4306.641,4220.508,3273.047,2928.516,3359.18,3273.047,3273.047,3789.844,4392.773,4737.305,4909.57,4823.438,4909.57,4220.508,0.0164,1996,F4,D2,Tw08,T05,IV04
49,1996,00009602xx_Nepal_Harrap_P. humei_022A-W0001X1726XX-0142M0.Table.4.selections_12splits.txt,c,wav,4478.906,3359.18,3014.648,6029.297,3531.445,3789.844,3962.109,4478.906,4392.773,4478.906,5512.5,4478.906,4737.305,3359.18,3100.781,5943.164,3617.578,3789.844,4048.242,4478.906,4478.906,4392.773,5340.234,4651.172,0.0151,1996,F4,D2,Tw08,T05,IV04
50,1997,00009701xx_Ranathambore_Pholt_P. humei_022A-W0001X0197XX-0109M0.Table.4.selections_12splits.txt,c,wav,3875.977,3789.844,3100.781,3014.648,3273.047,3703.711,4134.375,4220.508,4565.039,3875.977,4909.57,4134.375,3875.977,3703.711,3100.781,3014.648,3273.047,3617.578,4048.242,4392.773,4306.641,3875.977,5167.969,4220.508,0.0175,1997,F4,D2,Tw08,T06,IV04
51,1997,00009702xx_Bharatpur_Pholt_P. humei_022A-W0001X0197XX-0110M0.Table.4.selections_12splits.txt,c,wav,5598.633,3962.109,3703.711,3531.445,3273.047,3789.844,4565.039,4995.703,4909.57,4909.57,6115.43,4909.57,5081.836,4134.375,3703.711,3531.445,3359.18,3789.844,4306.641,4995.703,4995.703,4909.57,5943.164,5254.102,0.0155,1997,F4,D2,Tw08,T06,IV04
52,1997,00009702xx_Bharatpur_Pholt_P. humei_022A-W0001X0197XX-0110M0.Table.7.selections_12splits.txt,c,wav,4220.508,4220.508,3703.711,3359.18,3531.445,3962.109,4220.508,4823.438,4909.57,4995.703,6287.695,4220.508,4220.508,4048.242,3617.578,3359.18,3531.445,3962.109,4565.039,4823.438,4909.57,5081.836,5512.5,4306.641,0.0164,1997,F4,D2,Tw08,T06,IV04
53,1997,0000971000x_AN20bCue 01 Phylloscopus humei Dehradun Uttarakhand 1997 October.Table.4.selections_12splits.txt,c,wav,3445.312,3273.047,3273.047,3273.047,3186.914,3445.312,4220.508,4478.906,4306.641,4392.773,5081.836,3962.109,3445.312,3273.047,3186.914,3273.047,3186.914,3531.445,4134.375,4306.641,4306.641,4392.773,5081.836,4220.508,0.015,1997,F4,D2,Tw08,T06,IV04
54,1998,"00009801xx_Bharatpur_Pholt_Warbler, Hume's (Rajasthan)(CD24-29).Table.4.selections_12splits.txt",c,wav,3359.18,3100.781,3100.781,2842.383,3359.18,3875.977,4134.375,4220.508,4392.773,5943.164,5340.234,4048.242,4565.039,3100.781,3014.648,2928.516,3273.047,3875.977,4048.242,4306.641,4306.641,5943.164,4995.703,3962.109,0.0168,1998,F4,D2,Tw09,T06,IV05
55,1998,"00009801xx_Bharatpur_Pholt_Warbler, Hume's Leaf (Rajasthan)(CD26-13).Table.4.selections_12splits.txt",c,wav,5857.031,3617.578,5857.031,5426.367,3273.047,3789.844,3962.109,4134.375,4220.508,5857.031,5857.031,3789.844,5857.031,3617.578,5684.766,5426.367,3273.047,3703.711,3962.109,4048.242,4134.375,5857.031,5426.367,3789.844,0.0185,1998,F4,D2,Tw09,T06,IV05
56,1998,00009804xx_GHNP_ANCue 14 U Phylloscopus griseolis affinis GHNP Himachal 1998 April P-humei background.Table.4.selections_12splits.txt,c,wav,5684.766,2928.516,2928.516,2928.516,3359.18,3531.445,3617.578,4651.172,4565.039,6632.227,5598.633,4995.703,5598.633,3359.18,3273.047,3014.648,3359.18,3617.578,3875.977,4565.039,4565.039,6029.297,5598.633,4823.438,0.0197,1998,F4,D2,Tw09,T06,IV05
57,1998,00009804xx_GHNP_ANCue 16 Phylloscopus occipitalis GHNP Himachal 1998 April P-humei background.Table.4.selections_12splits.txt,c,wav,3359.18,5857.031,5598.633,5598.633,3445.312,3789.844,4220.508,4565.039,4478.906,5598.633,4392.773,3531.445,3789.844,4392.773,5598.633,5598.633,3531.445,3875.977,4220.508,4478.906,4478.906,5684.766,4823.438,3875.977,0.0186,1998,F4,D2,Tw09,T06,IV05
58,1998,00009804xx_Himachal_PS_ANCue 03 Phylloscopus humei GHNP Himachal 1998 April.Table.4.selections_12splits.txt,c,wav,4478.906,3445.312,3100.781,2928.516,3531.445,3617.578,4478.906,4737.305,4737.305,5081.836,5598.633,5770.898,4478.906,3445.312,3100.781,5081.836,3445.312,3703.711,4478.906,4823.438,4823.438,5081.836,5684.766,5598.633,0.0169,1998,F4,D2,Tw09,T06,IV05
59,1998,00009804xx_Himachal_PS_ANCue 03 Phylloscopus humei GHNP Himachal 1998 April.Table.7.selections_12splits.txt,c,wav,4651.172,3014.648,2928.516,2928.516,3100.781,3962.109,4565.039,4565.039,4565.039,4651.172,5684.766,5426.367,4995.703,3100.781,2928.516,3014.648,3100.781,3962.109,4392.773,4565.039,4565.039,4565.039,5770.898,5426.367,0.0163,1998,F4,D2,Tw09,T06,IV05
60,1998,00009804xx_Himachal_PS_ANCue 15 Phylloscopus humei GHNP Himchal 1998 April.Table.4.selections_12splits.txt,c,wav,5426.367,3100.781,3100.781,5512.5,3100.781,3531.445,4306.641,4478.906,4823.438,4737.305,6459.961,4909.57,5426.367,3186.914,3186.914,4478.906,3273.047,3617.578,4306.641,4565.039,4737.305,4737.305,6115.43,4909.57,0.0183,1998,F4,D2,Tw09,T06,IV05
61,1998,0000980500x_Phylloscopus humei L PA98_05_55-56.Table.4.selections_12splits.txt,c,wav,5081.836,3531.445,2928.516,2928.516,3186.914,3789.844,4392.773,4478.906,3789.844,5426.367,5081.836,4306.641,4909.57,3445.312,2928.516,2928.516,3100.781,3789.844,4306.641,4478.906,3875.977,5426.367,4823.438,4220.508,0.0168,1998,F4,D2,Tw09,T06,IV05
62,1998,0000980600x_Phylloscopus humei L PA98_06_12.Table.4.selections_12splits.txt,c,wav,5167.969,3617.578,3186.914,3014.648,3531.445,4220.508,4306.641,4565.039,4306.641,4048.242,5340.234,4392.773,5254.102,3617.578,3186.914,3014.648,3531.445,4134.375,4306.641,4651.172,4478.906,4220.508,5340.234,4306.641,0.0169,1998,F4,D2,Tw09,T06,IV05
63,1999,0000990425_76p27-28 Phylloscopus humei Jalori Pass Himachal.Table.4.selections_12splits.txt,c,wav,3617.578,3359.18,3359.18,3186.914,3445.312,3875.977,4478.906,4737.305,4823.438,6115.43,5770.898,4392.773,4048.242,3531.445,3273.047,3273.047,3445.312,3789.844,4392.773,4737.305,4823.438,5598.633,5340.234,4392.773,0.0148,1999,F4,D2,Tw09,T06,IV05
64,1999,00009904xx_Himachal_PS_AN4Cue 17 Phylloscopus humei GHNP Himachal 1999.Table.4.selections_12splits.txt,c,wav,4220.508,3531.445,3100.781,5943.164,3273.047,3789.844,3962.109,4478.906,4823.438,4823.438,5512.5,5254.102,4220.508,3445.312,3100.781,5684.766,3273.047,3531.445,3962.109,4478.906,4823.438,4737.305,5598.633,5167.969,0.0184,1999,F4,D2,Tw09,T06,IV05
65,1999,00009904xx_Himachal_PS_AN6Cue 20 phylloscopus humei+Tarsiger rufilatus Soja-Jalori Himachal 1999.Table.4.selections_12splits.txt,c,wav,3703.711,3445.312,3359.18,3186.914,3531.445,3703.711,4392.773,4651.172,4737.305,6287.695,4306.641,4220.508,3703.711,3445.312,3273.047,3186.914,3531.445,3789.844,4306.641,4651.172,4737.305,6287.695,5081.836,4220.508,0.0146,1999,F4,D2,Tw09,T06,IV05
66,2000,2000_0326_58p25 Dendrocitta vagabunda near WII Dehradun Uttarakhand P-humei background.Table.4.selections_12splits.txt,c,wav,4392.773,6632.227,5770.898,5770.898,5770.898,3962.109,4478.906,4651.172,4478.906,3962.109,6201.562,5770.898,4478.906,6287.695,5770.898,5770.898,5770.898,3875.977,4392.773,4565.039,4565.039,4478.906,6115.43,5770.898,0.0174,2000,F4,D2,Tw10,T07,IV05
67,2000,2000_0327_58p32 Ocyceros birostris near WII Dehradun Uttarakhand P-humei background.Table.4.selections_12splits.txt,c,wav,4478.906,3445.312,5857.031,5684.766,3445.312,3875.977,4220.508,4565.039,4565.039,4651.172,5598.633,5254.102,4392.773,4220.508,5857.031,5598.633,3445.312,3789.844,4220.508,4565.039,4392.773,4478.906,5598.633,5340.234,0.0148,2000,F4,D2,Tw10,T07,IV05
68,2000,2000_0408_24p70 Phylloscopus humei FRI Dehradun Uttarakhand.Table.4.selections_12splits.txt,c,wav,5340.234,5340.234,3875.977,3875.977,4737.305,3789.844,4134.375,4220.508,4220.508,4220.508,5598.633,4909.57,5254.102,4220.508,3875.977,3875.977,4220.508,3703.711,4048.242,4220.508,4220.508,4220.508,5598.633,4823.438,0.0144,2000,F4,D2,Tw10,T07,IV05
69,2000,2000_0408_24p70 Phylloscopus humei FRI Dehradun Uttarakhand.Table.7.selections_12splits.txt,c,wav,5426.367,5684.766,5426.367,5426.367,6115.43,3789.844,3962.109,4478.906,4478.906,5943.164,4909.57,4478.906,5081.836,5340.234,5512.5,5167.969,5943.164,3789.844,3962.109,4392.773,4392.773,4995.703,5081.836,4478.906,0.0161,2000,F4,D2,Tw10,T07,IV05
70,2001,2001_02xx_Bharatpur_Hannu_Phyhum2D401.Table.4.selections_12splits.txt,c,wav,5081.836,5426.367,5340.234,5081.836,5684.766,3531.445,3789.844,4048.242,4048.242,5684.766,5598.633,3703.711,4995.703,5426.367,5340.234,4995.703,5598.633,3445.312,3789.844,3962.109,4048.242,5684.766,5081.836,3789.844,0.0179,2001,F5,D2,Tw10,T07,IV05
71,2001,2001_02xx_Bharatpur_Hannu_PhyhumD301.Table.4.selections_12splits.txt,c,wav,5167.969,5254.102,5167.969,4565.039,3273.047,3703.711,4048.242,4220.508,4134.375,5684.766,5340.234,4565.039,5081.836,5081.836,5167.969,4565.039,3273.047,3703.711,3962.109,4220.508,4134.375,5684.766,5081.836,4565.039,0.0196,2001,F5,D2,Tw10,T07,IV05
72,2001,2001_02xx_Bharatpur_Hannu_PhyhumD401.Table.4.selections_12splits.txt,c,wav,4134.375,5426.367,5426.367,5081.836,2928.516,3617.578,3875.977,4134.375,4134.375,3875.977,4220.508,3962.109,4134.375,5426.367,5340.234,5081.836,2928.516,3531.445,3875.977,4048.242,4134.375,3875.977,4565.039,3962.109,0.0195,2001,F5,D2,Tw10,T07,IV05
73,2001,2001_02xx_Corbett_Hannu_Phyhum2D101.Table.4.selections_12splits.txt,c,wav,4995.703,4995.703,4995.703,4995.703,2928.516,3445.312,3703.711,4048.242,3962.109,3962.109,4995.703,4220.508,4823.438,4737.305,4909.57,4995.703,4737.305,3445.312,3703.711,3962.109,3962.109,3962.109,5081.836,4220.508,0.0188,2001,F5,D2,Tw10,T07,IV05
74,2001,2001_02xx_Corbett_Hannu_PhyhumD101.Table.4.selections_12splits.txt,c,wav,4651.172,4823.438,4823.438,4478.906,5340.234,3186.914,3617.578,3875.977,3875.977,3875.977,5426.367,4651.172,4651.172,4823.438,4823.438,4478.906,5340.234,3273.047,3445.312,3789.844,3875.977,3875.977,5340.234,4392.773,0.0201,2001,F5,D2,Tw10,T07,IV05
75,2002,0201xx_Bharatpur_Hannu_Phyhum3D202.Table.4.selections_12splits.txt,d,wav,4995.703,5167.969,5081.836,4995.703,5081.836,4995.703,3703.711,3875.977,4134.375,4306.641,6115.43,5081.836,4565.039,5081.836,5167.969,4995.703,5081.836,4995.703,3703.711,3875.977,4220.508,4306.641,5770.898,5167.969,0.0175,2002,F5,D2,Tw11,T07,IV06
76,2002,0201xx_Bharatpur_Hannu_PhyhumD202.Table.4.selections_12splits.txt,d,wav,4995.703,4909.57,4823.438,4909.57,4995.703,3014.648,3703.711,3617.578,3875.977,3962.109,5857.031,5081.836,4995.703,4737.305,4737.305,4909.57,4909.57,5167.969,3703.711,3617.578,3789.844,4651.172,5857.031,4909.57,0.0194,2002,F5,D2,Tw11,T07,IV06
77,2002,0202xx_Bharatpur_Hannu_Phyhum2D202.Table.4.selections_12splits.txt,d,wav,4306.641,4909.57,4651.172,4651.172,2497.852,3186.914,3531.445,3617.578,3789.844,3875.977,4565.039,3962.109,4220.508,3273.047,4737.305,4651.172,2670.117,3100.781,3445.312,3617.578,3789.844,4134.375,4651.172,3962.109,0.0204,2002,F5,D2,Tw11,T07,IV06
78,2002,0203xx_Bharatpur_Schweizer_XC347754 - Hume's Leaf Warbler - Phylloscopus humei humei.Table.4.selections_12splits.txt,d,mp3,5312.5,5562.5,5437.5,5000,3187.5,3937.5,4062.5,4187.5,4250,4312.5,6062.5,4187.5,5312.5,5562.5,5375,5187.5,3250,3937.5,4062.5,4187.5,4250,4375,5375,4250,0.0177,2003,F5,D3,Tw11,T07,IV06
79,2003,XC749562 - Hume's Leaf Warbler - Phylloscopus humei humei.Table.4.selections_12splits,d,mp3,4478.906,3875.977,2670.117,2583.984,3014.648,3617.578,3789.844,3962.109,3962.109,4995.703,4392.773,3789.844,4478.906,3703.711,2670.117,2583.984,3014.648,3617.578,3789.844,3962.109,3962.109,4909.57,4478.906,3703.711,0.0186,2002,F5,D3,Tw11,T08,IV06
80,2004,040926_24MD-2.10B7 Phylloscopus humei Bhopal Madhya Pradesh.Table.4.selections_12splits.txt,d,wav,4823.438,4823.438,5167.969,5081.836,5081.836,5081.836,3789.844,3875.977,3962.109,4048.242,4995.703,4737.305,4823.438,4823.438,5167.969,5081.836,5081.836,5081.836,3789.844,3875.977,4048.242,4048.242,5167.969,4651.172,0.0181,2004,F5,D3,Tw12,T08,IV06
81,2004,041009_Datcut29 Phylloscopus humie IIFM Bhopal Madhya Pradesh.Table.4.selections_12splits.txt,d,wav,5512.5,4737.305,5167.969,5081.836,5081.836,5684.766,3789.844,3789.844,3789.844,3617.578,5598.633,3789.844,5512.5,5081.836,5081.836,4995.703,5081.836,5684.766,3617.578,3875.977,3875.977,4651.172,4909.57,3875.977,0.0193,2004,F5,D3,Tw12,T08,IV06
82,2004,041022_102D19 Phylloscopus humei IIFM Bhopal Madhya Pradseh.Table.4.selections_12splits.txt,d,wav,4565.039,4565.039,4134.375,4134.375,4134.375,4134.375,4134.375,5081.836,5081.836,5081.836,5081.836,5081.836,4651.172,4651.172,4220.508,4220.508,4220.508,4220.508,4220.508,4995.703,4995.703,4995.703,4995.703,4995.703,0.0011,2004,F5,D3,Tw12,T08,IV06
83,2004,041224_105D95-96 Phylloscopus humei Bori WLS Madhya Pradesh.Table.4.selections_12splits.txt,d,wav,5081.836,5081.836,4909.57,4909.57,4909.57,3186.914,3617.578,3789.844,3789.844,3273.047,4565.039,4220.508,4995.703,4995.703,4995.703,4909.57,4909.57,3273.047,3531.445,3789.844,3703.711,3359.18,5167.969,4134.375,0.0177,2004,F5,D3,Tw12,T08,IV06
84,2004,041228_104D90 Phylloscopus humei trochiloides Bori WLS Madhya Pradesh.Table.4.selections_12splits.txt,d,wav,5081.836,5081.836,4995.703,4823.438,4909.57,3359.18,3703.711,3875.977,3962.109,3531.445,5167.969,4737.305,4995.703,5081.836,4995.703,4909.57,4909.57,3359.18,3703.711,3875.977,3875.977,3617.578,5340.234,4651.172,0.0176,2004,F5,D3,Tw12,T08,IV06
85,2005,050916_D129aCue 14 Sitta leucopsis near Manali Himachal P-humei background.Table.4.selections_12splits.txt,d,wav,4565.039,5254.102,5167.969,4823.438,5167.969,3273.047,3617.578,3703.711,3703.711,3445.312,4651.172,4306.641,4565.039,5254.102,5167.969,4995.703,5167.969,3273.047,3531.445,3703.711,3789.844,3531.445,4737.305,4220.508,0.0159,2005,F5,D3,Tw12,T08,IV06
86,2005,050916_D129aCue 23 Phylloscopus spp near Manali Himachal P-humei background.Table.4.selections_12splits.txt,d,wav,5426.367,4995.703,5167.969,5081.836,5167.969,5684.766,3703.711,3962.109,3962.109,3703.711,5943.164,4995.703,5254.102,4995.703,5081.836,5081.836,5167.969,5598.633,3617.578,3962.109,3962.109,3703.711,5943.164,5081.836,0.0199,2005,F5,D3,Tw12,T08,IV06
87,2005,051031_D130bCue 12 Phylloscopus humei KGNP Bharatpur Rajasthan.Table.4.selections_12splits.txt,d,wav,4995.703,4909.57,4909.57,4651.172,4737.305,4737.305,3617.578,3789.844,3875.977,3962.109,5426.367,4909.57,4995.703,4909.57,4909.57,4737.305,4737.305,4737.305,3789.844,3789.844,3875.977,3962.109,5512.5,4823.438,0.0198,2005,F5,D3,Tw12,T08,IV06
88,2005,051031_D130bCue 12 Phylloscopus humei KGNP Bharatpur Rajasthan.Table.7.selections_12splits.txt,d,wav,5426.367,5340.234,5167.969,4995.703,4995.703,4995.703,3445.312,3789.844,3875.977,3703.711,5770.898,4651.172,5340.234,5340.234,5167.969,5081.836,5081.836,4995.703,3617.578,3789.844,3875.977,3789.844,5512.5,4823.438,0.0196,2005,F5,D3,Tw12,T08,IV06
89,2006,060107_D133Cue 07 Phylloscopus humei U Kathotia Area near Bhopal Madhya Pradesh.Table.4.selections_12splits.txt,d,wav,5512.5,5426.367,5426.367,5254.102,5254.102,5254.102,3617.578,3875.977,4048.242,4048.242,6459.961,5426.367,5512.5,5426.367,5426.367,5254.102,5254.102,5167.969,3617.578,3875.977,4048.242,4048.242,6201.562,5340.234,0.0174,2006,F6,D3,Tw13,T09,IV07
90,2006,060113_D134Cue 04 Cyornis tickelliae Sunderdev area  Khandwa Madhya Pradesh P-humei background.Table.4.selections_12splits.txt,d,wav,4565.039,4392.773,4478.906,5167.969,2928.516,3445.312,3703.711,3789.844,3875.977,3359.18,5512.5,4651.172,4478.906,4478.906,4478.906,4995.703,4306.641,3359.18,3703.711,3789.844,3789.844,3531.445,5426.367,4565.039,0.0173,2006,F6,D3,Tw13,T09,IV07
91,2006,060500x_Kazakhastan_DavidFarrow_XC19732 - Hume's Leaf Warbler - Phylloscopus humei.Table.4.selections_12splits.txt,d,mp3,4823.438,4909.57,5254.102,4995.703,5167.969,3445.312,3789.844,3962.109,3875.977,3617.578,5684.766,4565.039,4823.438,4995.703,5167.969,5081.836,5081.836,3445.312,3703.711,3962.109,3875.977,3617.578,5254.102,4478.906,0.0172,2006,F6,D3,Tw13,T09,IV07
92,2007,070122_D169Cue 52 Phylloscopus U Ghana_Bharatpur Rajasthan.Table.4.selections_12splits.txt,d,wav,5512.5,4995.703,4909.57,4565.039,4565.039,3186.914,3445.312,3617.578,3875.977,4909.57,5943.164,5512.5,5426.367,4995.703,4823.438,4565.039,4651.172,5081.836,3445.312,3531.445,3789.844,4737.305,5684.766,5340.234,0.0203,2007,F6,D3,Tw13,T09,IV07
93,2007,070204_D170Cue 83 Phylloscopus humei Badkal_Faridabad Haryana.Table.4.selections_12splits.txt,d,wav,5512.5,5081.836,4995.703,4909.57,2497.852,3273.047,3531.445,3789.844,4048.242,5081.836,5857.031,4048.242,5426.367,5340.234,4995.703,4909.57,3186.914,3273.047,3531.445,3789.844,3962.109,4823.438,5598.633,4048.242,0.0212,2007,F6,D3,Tw13,T09,IV07
94,2007,070414_D175Cue 29 Phylloscopus humei FRI_Dehradun Uttarakhand.Table.4.selections_12splits.txt,d,wav,5340.234,5426.367,5254.102,5081.836,5081.836,5254.102,3445.312,3617.578,3789.844,3875.977,6201.562,5426.367,5254.102,5426.367,5254.102,5167.969,4995.703,5340.234,3445.312,3531.445,3789.844,3789.844,6029.297,5340.234,0.0205,2007,F6,D3,Tw13,T09,IV07
95,2008,080400x_Sweden_Patrik Aberg_XC26650 - Hume's Leaf Warbler - Phylloscopus humei_1.Table.4.selections_12splits.txt,d,mp3,5254.102,5081.836,4392.773,4565.039,4651.172,4909.57,3359.18,3617.578,4134.375,4478.906,4651.172,4306.641,5254.102,4995.703,4392.773,4565.039,4737.305,4823.438,3359.18,3617.578,4134.375,4392.773,5081.836,4306.641,0.0216,2008,F6,D3,Tw14,T09,IV07
96,2008,080708_XC35295 - Phylloscopus humei Sander Bot  Kazakhstan.Table.4.selections_12splits.txt,d,mp3,4651.172,4909.57,4909.57,4823.438,4823.438,4737.305,4737.305,3875.977,3617.578,3875.977,5598.633,4392.773,4651.172,4909.57,4909.57,4823.438,4823.438,4737.305,4737.305,3789.844,3703.711,3703.711,5512.5,4565.039,0.0201,2008,F6,D3,Tw14,T09,IV07
97,2008,081105_D191Cue 37 Phylloscopus spp Sariska Rajasthan.Table.4.selections_12splits.txt,d,wav,4220.508,4478.906,4565.039,4565.039,4478.906,4565.039,4565.039,4565.039,3531.445,3531.445,5512.5,4823.438,4048.242,4392.773,4565.039,4565.039,4478.906,4565.039,4565.039,3617.578,3531.445,3445.312,5426.367,4737.305,0.0211,2008,F6,D3,Tw14,T09,IV07
98,2008,081106_D191Cue 45 Phylloscopus spp Sariska Rajasthan.Table.4.selections_12splits.txt,d,wav,5684.766,5167.969,5167.969,4909.57,4823.438,4995.703,5167.969,3703.711,3703.711,4995.703,6287.695,6115.43,5598.633,5081.836,5167.969,4909.57,5081.836,4995.703,4995.703,3703.711,3703.711,4565.039,6115.43,5684.766,0.0193,2008,F6,D3,Tw14,T09,IV07
99,2008,081200x_Netherlands_SanderBot_XC29026 - Hume's Leaf Warbler - Phylloscopus humei.Table.4.selections_12splits.txt,d,mp3,5254.102,5254.102,4651.172,4306.641,4478.906,5167.969,3445.312,3445.312,4048.242,4478.906,4909.57,5512.5,5167.969,5254.102,4651.172,4392.773,4995.703,4565.039,3445.312,3445.312,4048.242,4478.906,5167.969,5340.234,0.0206,2008,F6,D3,Tw14,T09,IV07
100,2009,090125_D195Cue 09 Nisaetus cirrhatus Rajaji NP Uttarakhand P-humei background.Table.4.selections_12splits.txt,d,wav,5426.367,5081.836,5081.836,4823.438,4909.57,4909.57,4909.57,4909.57,4220.508,4909.57,5081.836,5684.766,5426.367,5254.102,5081.836,4909.57,4909.57,4909.57,4909.57,4823.438,4134.375,4737.305,5081.836,5340.234,0.0187,2009,F6,D3,Tw14,T10,IV07
101,2009,090402_D195Cue 33 Phylloscopus humei+tytleri Dhanaulti Uttarakhand.Table.4.selections_12splits.txt,d,wav,5254.102,5254.102,5081.836,5254.102,5167.969,5598.633,3703.711,3703.711,3875.977,4134.375,6029.297,5081.836,5254.102,5254.102,5081.836,5167.969,5081.836,5426.367,3703.711,3789.844,3962.109,4134.375,5081.836,4823.438,0.0168,2009,F6,D3,Tw14,T10,IV07
102,2009,090402_D195Cue 33 Phylloscopus humei+tytleri Dhanaulti Uttarakhand.Table.7.selections_12splits.txt,d,wav,5770.898,4995.703,5770.898,4995.703,4995.703,4995.703,3703.711,3703.711,3962.109,4134.375,6546.094,6459.961,5770.898,5340.234,5684.766,4995.703,4995.703,5081.836,3617.578,3703.711,3875.977,4392.773,5943.164,6201.562,0.0184,2009,F6,D3,Tw14,T10,IV07
103,2009,090403_D195Cue 45 Phylloscopus occipitalis Dhanaulti Uttarakhand P-humei background.Table.4.selections_12splits.txt,d,wav,4995.703,5167.969,4220.508,4478.906,4478.906,3186.914,3359.18,3617.578,3789.844,4478.906,5167.969,4651.172,4995.703,5081.836,4220.508,4392.773,4478.906,3186.914,3359.18,3531.445,3789.844,4478.906,5340.234,4651.172,0.0226,2009,F6,D3,Tw14,T10,IV07
104,2009,090403_D195Cue 45 Phylloscopus occipitalis Dhanaulti Uttarakhand P-humei background.Table.7.selections_12splits.txt,d,wav,4995.703,5340.234,4651.172,4478.906,4651.172,4823.438,3273.047,3273.047,3789.844,4737.305,5081.836,4134.375,4995.703,5254.102,4737.305,4478.906,4737.305,4823.438,3273.047,3273.047,3703.711,4306.641,5081.836,4220.508,0.0222,2009,F6,D3,Tw14,T10,IV07
105,2009,"091221_AV2817_Phylloscopus+humei_IN_1_2-16_C Sattal, Uttarakhand PCRasmussen.Table.4.selections_12splits.txt",d,wav,5812.5,5343.75,5343.75,4968.75,4968.75,5062.5,5156.25,5062.5,4968.75,4312.5,4500,5812.5,5812.5,5343.75,5343.75,4968.75,4968.75,4968.75,5156.25,5062.5,4968.75,4406.25,4968.75,5812.5,0.0188,2009,F6,D3,Tw14,T10,IV07
106,2010,100215_07 Phylloscopus humei U SOOR SAROVAR AGRA UP.Table.4.selections_12splits.txt,e,wav,5598.633,4823.438,4565.039,4565.039,4737.305,4737.305,3445.312,3789.844,3875.977,3875.977,6115.43,4737.305,5426.367,4823.438,4565.039,4565.039,4737.305,4737.305,3445.312,3703.711,3962.109,3962.109,6201.562,5426.367,0.022,2010,F6,D3,Tw15,T10,IV08
107,2010,100215_07 Phylloscopus humei U SOOR SAROVAR AGRA UP.Table.7.selections_12splits.txt,e,wav,5770.898,5254.102,4737.305,4651.172,4651.172,4823.438,4823.438,3531.445,3789.844,5081.836,5340.234,5770.898,5426.367,5167.969,4823.438,4565.039,4651.172,4823.438,4823.438,3531.445,3789.844,4995.703,5684.766,5684.766,0.0204,2010,F6,D3,Tw15,T10,IV08
108,2010,100215_10 U Phylloscopus humei SOOR SAROVAR AGRA UP.Table.4.selections_12splits.txt,e,wav,5598.633,5684.766,5426.367,5167.969,4909.57,5254.102,5340.234,3617.578,3962.109,5081.836,5254.102,6201.562,5598.633,5770.898,5512.5,5081.836,4995.703,5254.102,5254.102,3617.578,3962.109,4909.57,5426.367,6115.43,0.0195,2010,F6,D3,Tw15,T10,IV08
109,2010,100215_10 U Phylloscopus humei SOOR SAROVAR AGRA UP.Table.7.selections_12splits.txt,e,wav,5943.164,5684.766,5426.367,5254.102,5254.102,5254.102,5254.102,3617.578,4048.242,4737.305,5254.102,5857.031,5857.031,5598.633,5512.5,5167.969,5167.969,5254.102,5167.969,5081.836,4134.375,4737.305,5340.234,5340.234,0.0185,2010,F6,D3,Tw15,T10,IV08
110,2010,100306_02 Pomatorhinus schisticeps FRI DEHRADUN UTTARAKHAND P-humei background.Table.4.selections_12splits.txt,e,wav,4565.039,4909.57,5081.836,4823.438,4565.039,4995.703,5081.836,3445.312,3445.312,4478.906,5943.164,4134.375,4565.039,4909.57,4995.703,4737.305,4565.039,5081.836,4995.703,3445.312,3617.578,4306.641,4995.703,5081.836,0.0205,2010,F6,D3,Tw15,T10,IV08
111,2010,101218_10 Phylloscopus humie U Sariska Rajasthan.Table.4.selections_12splits.txt,d,wav,5081.836,4565.039,4651.172,4565.039,4565.039,4823.438,3445.312,3617.578,3703.711,3273.047,5081.836,4565.039,4823.438,4392.773,4651.172,4565.039,4565.039,4823.438,3531.445,3617.578,3617.578,3359.18,5167.969,4478.906,0.0211,2010,F6,D3,Tw15,T10,IV08
112,2011,110200x_Harike_AnteStrand_XC105580 - Hume's Leaf Warbler - Phylloscopus humei.Table.4.selections_12splits.txt,e,mp3,5770.898,5684.766,5254.102,4823.438,4737.305,5598.633,3531.445,3617.578,4134.375,4995.703,5598.633,5770.898,5770.898,5598.633,5167.969,4823.438,5167.969,5254.102,3617.578,3617.578,4134.375,4909.57,5770.898,5684.766,0.0237,2011,F7,D3,Tw15,T10,IV08
113,2011,110313_06 U Phylloscopus humei Dehradun Uttarakhand_check background.Table.4.selections_12splits.txt,e,wav,5512.5,4909.57,4478.906,4392.773,4392.773,4823.438,3617.578,3445.312,3875.977,4651.172,5857.031,5598.633,5512.5,5254.102,4651.172,4392.773,4565.039,4737.305,3617.578,3445.312,3875.977,4651.172,5598.633,5167.969,0.0216,2011,F7,D3,Tw15,T10,IV08
114,2011,110500x_Kazakhistan_ArendWasinck_XC150181 - Hume's Leaf Warbler - Phylloscopus humei humei.Table.4.selections_12splits.txt,e,mp3,5081.836,4995.703,4651.172,4392.773,4220.508,3359.18,3273.047,3359.18,4220.508,4737.305,5684.766,5770.898,5081.836,4995.703,4478.906,4392.773,4306.641,3359.18,3273.047,3445.312,4220.508,4651.172,5684.766,4651.172,0.0231,2011,F7,D3,Tw15,T10,IV08
115,2011,110500x_Kazakhistan_Patrick Franke_XC120496 - Hume's Leaf Warbler - Phylloscopus humei humei.Table.4.selections_12splits.txt,e,mp3,5426.367,5426.367,4565.039,4306.641,4737.305,3531.445,3445.312,3359.18,4048.242,5081.836,6029.297,5598.633,5254.102,5426.367,4651.172,4306.641,4737.305,3531.445,3445.312,3359.18,4048.242,4909.57,5857.031,5081.836,0.0229,2011,F7,D3,Tw15,T10,IV08
116,2012,120200x_Bandhavgarh_Hannu_Phylloscopus humei_120211_01.Table.4.selections_12splits.txt,e,wav,4781.25,4875,4781.25,4218.75,4687.5,4781.25,3375,3281.25,4218.75,4781.25,5250,5343.75,5437.5,4781.25,4687.5,4218.75,4593.75,4781.25,3375,3281.25,4031.25,4687.5,5531.25,5062.5,0.0209,2012,F7,D3,Tw16,T11,IV08
117,2012,"121000x_Xinjiang West China_Pholt_Warbler, Hume's Leaf (Xinjiang)(A7241).Table.4.selections_12splits.txt",f,wav,5625,5625,4875,4125,4125,3750,3750,3750,4875,4875,5250,4875,5625,5625,4500,4125,4125,3750,3750,3750,4875,4875,5625,4875,0.0221,2012,F7,D3,Tw16,T11,IV08
118,2012,"121000x_Xinjiang West China_Pholt_Warbler, Hume's Leaf (Xinjiang)(A7244) down sampled.Table.4.selections_12splits.txt",f,wav,5512.5,5512.5,4134.375,4048.242,4134.375,3617.578,3186.914,4048.242,4737.305,5512.5,6115.43,6115.43,5512.5,5512.5,4565.039,4134.375,4134.375,3703.711,3617.578,4048.242,4651.172,5254.102,5684.766,5254.102,0.0236,2012,F7,D3,Tw16,T11,IV08
119,2012,"121000x_Xinjiang_Pholt_Warbler, Hume's Leaf (Xinjiang)(A7232) downsampled.Table.4.selections_12splits.txt",f,wav,5426.367,5426.367,3962.109,3875.977,3962.109,3273.047,3100.781,4306.641,4478.906,5167.969,5512.5,4478.906,5426.367,5340.234,4134.375,3962.109,3962.109,3359.18,3100.781,4306.641,4651.172,5167.969,5512.5,4392.773,0.0227,2012,F7,D3,Tw16,T11,IV08
120,2012,121100x_Mathew_Corbett_00x_P. humei_022A-WA1301000x00xX-0056M0.Table.10.selections_12splits.txt,e,wav,5812.5,5812.5,5718.75,4593.75,4218.75,3937.5,3750,3468.75,3843.75,4875,5343.75,6281.25,5812.5,5718.75,5531.25,4500,4312.5,4406.25,3750,3468.75,3843.75,4687.5,5437.5,6000,0.0211,2012,F7,D3,Tw16,T11,IV08
121,2012,121100x_Mathew_Corbett_00x_P. humei_022A-WA1301000x00xX-0056M0.Table.4.selections_12splits.txt,e,wav,5812.5,6000,5156.25,4406.25,4312.5,5718.75,3281.25,3281.25,3656.25,4875,5437.5,5718.75,5718.75,5906.25,5062.5,4406.25,4312.5,5531.25,4781.25,3375,3656.25,4593.75,5250,6000,0.0196,2012,F7,D3,Tw16,T11,IV08
122,2012,121100x_Mathew_Corbett_00x_P. humei_022A-WA1301000x00xX-0056M0.Table.7.selections_12splits.txt,e,wav,5625,5343.75,5062.5,4406.25,4312.5,5343.75,3187.5,3093.75,3750,4687.5,5156.25,6375,5625,5343.75,4968.75,4406.25,4312.5,5156.25,4406.25,3468.75,3750,4593.75,5062.5,6187.5,0.02,2012,F7,D3,Tw16,T11,IV08
123,2012,121100x_Sultanpur_MikeNelson_XC116652 - Hume's Leaf Warbler - Phylloscopus humei humei.Table.4.selections_12splits.txt,e,mp3,5340.234,5254.102,5167.969,4392.773,4823.438,4737.305,3445.312,3359.18,4134.375,4995.703,5340.234,6287.695,5340.234,5254.102,4995.703,4392.773,4823.438,4737.305,3445.312,4478.906,4134.375,4823.438,5512.5,5770.898,0.0215,2012,F7,D3,Tw16,T11,IV08
124,2012,121221_35 Phylloscopus humie U KNP_Bharatpur Rajasthan.Table.4.selections_12splits.txt,NA,wav,6373.828,5684.766,4565.039,4478.906,4220.508,3703.711,3875.977,4134.375,4478.906,4478.906,4823.438,5340.234,6029.297,5426.367,4478.906,4478.906,4220.508,3703.711,3962.109,3962.109,4392.773,4565.039,4823.438,5426.367,0.016,2012,F7,D3,Tw16,T11,IV08
125,2013,130131_Melghat_FLambert_XC149330 - Hume's Leaf Warbler - Phylloscopus humei humei.Table.4.selections_12splits.txt,e,mp3,4781.25,4781.25,4781.25,4125,4406.25,4406.25,3375,4406.25,4312.5,4781.25,5156.25,4687.5,4968.75,4781.25,4500,4125,4406.25,4406.25,3375,4312.5,4312.5,4687.5,5156.25,4687.5,0.0231,2013,F7,D3,Tw16,T11,IV08
126,2013,130200x_Melghat_FLambert_XC128094 - Hume's Leaf Warbler - Phylloscopus humei humei.Table.4.selections_12splits.txt,e,mp3,5156.25,5156.25,4312.5,3843.75,3843.75,3468.75,3468.75,3375,4312.5,5156.25,5531.25,5531.25,5062.5,5062.5,4218.75,3937.5,4312.5,4218.75,3468.75,3937.5,4312.5,5062.5,5531.25,5437.5,0.0234,2013,F7,D3,Tw16,T11,IV08
127,2013,130200x_Melghat_FLambert_XC128095 - Hume's Leaf Warbler - Phylloscopus humei humei.Table.4.selections_12splits.txt,e,mp3,5718.75,5250,5250,4031.25,4218.75,4406.25,3281.25,3562.5,4593.75,5156.25,6000,4968.75,5250,5250,5156.25,4125,4218.75,4406.25,3375,4031.25,4593.75,5062.5,5812.5,4968.75,0.0218,2013,F7,D3,Tw16,T11,IV08
128,2013,130200x_Melghat_FLambert_XC128097 - Hume's Leaf Warbler - Phylloscopus humei humei.Table.4.selections_12splits.txt,e,mp3,6187.5,4968.75,5156.25,4406.25,4500,4875,4125,4593.75,4218.75,4781.25,6187.5,6750,5906.25,5062.5,4875,4406.25,4500,4875,4218.75,4593.75,4218.75,4687.5,6187.5,6187.5,0.0202,2013,F7,D3,Tw16,T11,IV08
129,2013,130200x_ThaneMaharashtra_S-More_XC165051 - Hume's Leaf Warbler - Phylloscopus humei.Table.4.selections_12splits.txt,e,mp3,6187.5,5156.25,4781.25,4406.25,4687.5,4593.75,3468.75,5062.5,4406.25,4593.75,5437.5,5718.75,5906.25,5062.5,4781.25,4312.5,4593.75,4593.75,4218.75,4593.75,4312.5,4687.5,5531.25,5437.5,0.0191,2013,F7,D3,Tw16,T11,IV08
130,2013,130524_XC162534 - Phylloscopus humei humei Patrick Franke  Mongolia.Table.4.selections_12splits.txt,e,mp3,5426.367,4651.172,4392.773,4392.773,4392.773,4737.305,3273.047,4392.773,4737.305,5167.969,5340.234,4651.172,5426.367,4737.305,4392.773,4392.773,4392.773,3531.445,3273.047,4392.773,4737.305,5167.969,5340.234,4651.172,0.0215,2013,F7,D3,Tw16,T11,IV08
131,2013,130629_XC145184 - Phylloscopus humei humei Thijs Fijen Kazakhstan.Table.4.selections_12splits.txt,e,mp3,4218.75,4218.75,4218.75,4125,4406.25,4218.75,3375,4125,4125,4781.25,4875,4031.25,4406.25,4218.75,4218.75,4125,4312.5,4218.75,3375,4125,4031.25,4593.75,4968.75,4031.25,0.0239,2013,F7,D3,Tw16,T11,IV08
132,2014,140310_35 Phylloscopus humei Bhindawas Haryana.Table.4.selections_12splits.txt,f,wav,5770.898,4478.906,4306.641,4134.375,4478.906,4392.773,3445.312,3789.844,4565.039,4909.57,5512.5,4478.906,5598.633,4565.039,4306.641,4134.375,4220.508,4392.773,3445.312,3789.844,4565.039,4995.703,5770.898,5081.836,0.0196,2014,F7,D4,Tw17,T11,IV09
133,2014,140311_15 Phylloscopus humei Bhindawas Haryana.Table.4.selections_12splits.txt,f,wav,5340.234,5254.102,4392.773,3875.977,4048.242,3445.312,3273.047,4306.641,4392.773,4823.438,5684.766,4306.641,5254.102,4909.57,4220.508,3875.977,3962.109,3445.312,3273.047,4220.508,4565.039,4995.703,5598.633,4220.508,0.0234,2014,F7,D4,Tw17,T11,IV09
134,2014,140500x_Kazakhistan_AlbertLastukhin_XC184262 - Hume's Leaf Warbler - Phylloscopus humei.Table.4.selections_12splits.txt,f,mp3,5426.367,5512.5,4392.773,4048.242,4392.773,4392.773,3445.312,3445.312,4737.305,4909.57,5167.969,4565.039,5426.367,5340.234,4392.773,4048.242,4392.773,4392.773,3531.445,3703.711,4651.172,4909.57,5426.367,5340.234,0.0204,2014,F7,D4,Tw17,T11,IV09
135,2014,140514_XC180338 - Phylloscopus humei humei Arend Wassink  Kazakhstan.Table.4.selections_12splits.txt,f,mp3,4651.172,5081.836,4306.641,3875.977,4134.375,3962.109,3445.312,4048.242,4306.641,4565.039,5943.164,5684.766,4651.172,5081.836,4392.773,3875.977,4048.242,3789.844,3445.312,3962.109,4392.773,4651.172,5770.898,5340.234,0.0207,2014,F7,D4,Tw17,T11,IV09
136,2014,140900x_Ladakh_Hannu_Phylloscopus humei_140921_02.Table.4.selections_12splits.txt,NA,wav,5250,4500,4218.75,4125,4218.75,5156.25,4875,3562.5,3843.75,5062.5,5250,6281.25,5250,4781.25,4218.75,4125,4218.75,4968.75,4781.25,3562.5,3750,4687.5,5437.5,5531.25,0.022,2014,F7,D4,Tw17,T11,IV09
137,2014,140900x_Ladakh_Hannu_Phylloscopus humei_140922_01.Table.4.selections_12splits.txt,NA,wav,4781.25,4500,4500,4781.25,5343.75,5250,3656.25,3750,4312.5,5062.5,6187.5,4781.25,4875,4593.75,4406.25,4687.5,5250,5156.25,3750,3750,4312.5,4968.75,6093.75,5718.75,0.0199,2014,F7,D4,Tw17,T11,IV09
138,2015,150200x_Bandhavgarh_Hannu_Phylloscopus humei_150206.Table.4.selections_12splits.txt,e,wav,4406.25,4593.75,4500,4406.25,4500,4593.75,3468.75,4125,4500,5062.5,5625,4500,4406.25,4687.5,4500,4406.25,4500,4500,3468.75,4125,4593.75,5156.25,5625,4500,0.0215,2015,F7,D4,Tw17,T12,IV09
139,2015,150329__XC304209 - Phylloscopus humei humei Viral joshi India Chamoli Uttarakhand.Table.4.selections_12splits.txt,e,mp3,5531.25,4968.75,4781.25,4406.25,4500,3375,3375,3656.25,4406.25,4500,5625,5531.25,5531.25,5156.25,4781.25,4406.25,4500,4500,4406.25,3656.25,4218.75,4875,5531.25,5156.25,0.0202,2015,F7,D4,Tw17,T12,IV09
140,2015,"151100x_Haryana_Pholt_Warbler, Hume's Leaf (Haryana)(A16457).Table.4.selections_12splits.txt",f,wav,5062.5,5062.5,3937.5,3562.5,3937.5,3187.5,3187.5,4500,4687.5,5062.5,6000,4312.5,5250,4875,3750,3562.5,3937.5,3187.5,3187.5,4500,4875,5062.5,5812.5,4312.5,0.0219,2015,F7,D4,Tw17,T12,IV09
141,2015,151117_07 Phylloscopus humei WII Dehradun Uttarakhand.Table.4.selections_12splits.txt,g,wav,5684.766,5081.836,4995.703,3789.844,3875.977,3531.445,3703.711,4478.906,4995.703,5081.836,5426.367,5081.836,5598.633,5081.836,4651.172,3875.977,4134.375,3789.844,3789.844,4478.906,4995.703,5081.836,5684.766,5340.234,0.0204,2015,F7,D4,Tw17,T12,IV09
142,2015,151200x_Kanha_Phylloscopus humei Call Kanha 11Dec2015 Ind2015 LS110012.Table.4.selections_12splits.txt,f,wav,4687.5,5437.5,5062.5,3562.5,4125,3093.75,3093.75,4781.25,5062.5,5156.25,5625,4687.5,4875,5062.5,4593.75,4031.25,4125,4125,4031.25,4781.25,5062.5,5156.25,5531.25,4875,0.0213,2015,F7,D4,Tw17,T12,IV09
143,2015,151205_00 Phylloscopus humei Bah Chambal UP.Table.4.selections_12splits.txt,f,wav,4995.703,4651.172,3617.578,3531.445,3703.711,3531.445,3359.18,4651.172,4737.305,4823.438,5512.5,4823.438,4995.703,4651.172,3703.711,3617.578,3703.711,3445.312,3359.18,4565.039,4737.305,4823.438,5598.633,4823.438,0.0212,2015,F7,D4,Tw17,T12,IV09
144,2015,151205_01 Phylloscopus humei Bah Chambal UP.Table.4.selections_12splits.txt,f,wav,5512.5,4392.773,3875.977,3789.844,3789.844,3186.914,3100.781,3875.977,4478.906,4565.039,5512.5,4995.703,5426.367,5081.836,4048.242,3703.711,3875.977,4909.57,3186.914,3962.109,4565.039,4737.305,5512.5,4995.703,0.0217,2015,F7,D4,Tw17,T12,IV09
145,2015,151211_19 Phylloscopus humei Mukki Kanha Madhya Pradesh.Table.4.selections_12splits.txt,f,wav,5340.234,5340.234,4220.508,3962.109,4220.508,4220.508,3359.18,4220.508,4909.57,5254.102,5340.234,5340.234,5254.102,5254.102,4220.508,4048.242,4220.508,4220.508,3359.18,4134.375,4306.641,5254.102,5426.367,5254.102,0.0242,2015,F7,D4,Tw17,T12,IV09
146,2015,151211_19 Phylloscopus humei Mukki Kanha Madhya Pradesh.Table.7.selections_12splits.txt,f,wav,5598.633,5340.234,4306.641,3875.977,4220.508,3875.977,3531.445,3445.312,4909.57,5254.102,6201.562,6287.695,5512.5,5340.234,4392.773,3962.109,4220.508,3962.109,3617.578,3962.109,4737.305,5167.969,5857.031,6201.562,0.0187,2015,F7,D4,Tw17,T12,IV09
147,2015,151211_27 Phylloscopus humei Mukki Kanha Madhya Pradesh.Table.4.selections_12splits.txt,f,wav,5512.5,5426.367,3962.109,3875.977,4220.508,3703.711,3445.312,4737.305,4909.57,5340.234,5943.164,5598.633,5254.102,5081.836,3962.109,3962.109,4220.508,3703.711,3531.445,4651.172,4909.57,5254.102,5857.031,5426.367,0.0203,2015,F7,D4,Tw17,T12,IV09
148,2016,160116_03 Phylloscopus humei Harike WLS Punjab.Table.4.selections_12splits.txt,f,wav,5770.898,5943.164,4737.305,4134.375,4392.773,3789.844,3617.578,4651.172,4909.57,4909.57,6201.562,6373.828,5684.766,5943.164,4823.438,4048.242,4478.906,3962.109,3617.578,4478.906,4995.703,4995.703,5770.898,6373.828,0.0192,2016,F8,D4,Tw18,T12,IV09
149,2016,160116_22 Phylloscopus humei Harike WLS Punjab.Table.4.selections_12splits.txt,f,wav,5340.234,4565.039,3617.578,3445.312,4048.242,3186.914,2842.383,4823.438,4909.57,5167.969,5512.5,5081.836,5340.234,4565.039,3703.711,3531.445,4048.242,3273.047,3962.109,4651.172,4909.57,5081.836,5512.5,4737.305,0.019,2016,F8,D4,Tw18,T12,IV09
150,2016,160420_338896901ML Phylloscopus humei.Table.4.selections_12splits.txt,f,mp3,5812.5,5437.5,4125,4125,4312.5,3937.5,3750,4312.5,5062.5,5062.5,6187.5,6187.5,5812.5,5250,4312.5,4125,4312.5,3937.5,3750,4125,5062.5,5250,6000,6000,0.0217,2016,F8,D4,Tw18,T12,IV09
151,2016,160707_16 Phylloscopus humei..Table.4.selections_12splits.txt,e,wav,4823.438,4565.039,4651.172,4737.305,4823.438,5254.102,5254.102,3875.977,3875.977,3703.711,4909.57,4306.641,5081.836,4737.305,4651.172,4737.305,4737.305,5254.102,5254.102,3789.844,3875.977,3703.711,4909.57,4306.641,0.0186,2016,F8,D4,Tw18,T12,IV09
152,2016,160707_19 Phylloscopus humei.Table.4.selections_12splits.txt,e,wav,4651.172,4478.906,4478.906,4478.906,5254.102,5426.367,3789.844,5426.367,4651.172,5598.633,5684.766,4737.305,5081.836,4478.906,4478.906,4478.906,5254.102,5426.367,3789.844,3875.977,4651.172,5254.102,5770.898,4651.172,0.0205,2016,F8,D4,Tw18,T12,IV09
153,2016,160708_08 Phylloscopus humei song.Table.4.selections_12splits.txt,e,wav,4737.305,4651.172,4651.172,4565.039,4737.305,5340.234,4909.57,3875.977,3789.844,3617.578,5426.367,4823.438,5167.969,4651.172,4651.172,4565.039,4651.172,5254.102,4909.57,3789.844,3789.844,3789.844,5340.234,4651.172,0.018,2016,F8,D4,Tw18,T12,IV09
154,2016,161114_04 Phylloscopus humei.Table.4.selections_12splits.txt,f,wav,5426.367,4909.57,4737.305,3789.844,3789.844,3875.977,3703.711,3617.578,5167.969,5254.102,5598.633,6287.695,5340.234,5081.836,4565.039,3789.844,3789.844,4048.242,3703.711,3703.711,4909.57,5254.102,5512.5,5512.5,0.0193,2016,F8,D4,Tw18,T12,IV09
155,2016,161114_05 Phylloscopus humei+Corvus macrorhynchos.Table.4.selections_12splits.txt,f,wav,6115.43,5598.633,4392.773,3875.977,3789.844,4306.641,3617.578,3531.445,4909.57,4909.57,5254.102,5254.102,5684.766,5598.633,4651.172,3962.109,4220.508,4220.508,3703.711,3962.109,4823.438,4995.703,5254.102,5340.234,0.0204,2016,F8,D4,Tw18,T12,IV09
156,2017,170120_01 Phylloscopus humei.Table.4.selections_12splits.txt,f,wav,5770.898,5598.633,4651.172,3962.109,4306.641,4134.375,3617.578,3531.445,4823.438,5167.969,5167.969,5167.969,5684.766,5598.633,4651.172,3962.109,4306.641,4134.375,4048.242,3617.578,4823.438,5167.969,5167.969,5167.969,0.0182,2017,F8,D4,Tw18,T12,IV09
157,2017,170531_XC414415 - Phylloscopus humei humei Frank Lambert  Mongolia.Table.4.selections_12splits.txt,f,mp3,5625,4406.25,3843.75,3843.75,4218.75,3750,3468.75,4312.5,4875,5062.5,5812.5,4312.5,5250,4687.5,3937.5,3843.75,4218.75,3843.75,3562.5,4312.5,4875,5156.25,5625,4406.25,0.0189,2017,F8,D4,Tw18,T12,IV09
158,2017,170600x_Kazakhistan_OscarCampbell_XC378883 - Hume's Leaf Warbler - Phylloscopus humei.Table.4.selections_12splits.txt,f,mp3,4306.641,4995.703,4220.508,3617.578,3703.711,3359.18,3359.18,4651.172,4823.438,5081.836,5770.898,4220.508,4392.773,4995.703,4220.508,3617.578,3703.711,3445.312,3359.18,4651.172,4737.305,4995.703,5684.766,4220.508,0.0199,2017,F8,D4,Tw18,T12,IV09
159,2017,171125_XC399040 - Phylloscopus humei Ehsan Talebi Iran.Table.4.selections_12splits.txt,f,mp3,5062.5,4875,5062.5,4687.5,4312.5,4406.25,4312.5,4031.25,4687.5,5250,5437.5,6000,5062.5,4968.75,5062.5,4687.5,4312.5,4406.25,4312.5,4125,4593.75,5062.5,5437.5,5906.25,0.0174,2017,F8,D4,Tw18,T12,IV09
160,2018,"180000x_Xinjiang_PA_Phylloscopus humei Call Mosuowan, Xinjiang, China XJ2018_1072.Table.4.selections_12splits.txt",f,wav,5343.75,4593.75,3843.75,3187.5,3281.25,3093.75,3281.25,5062.5,4968.75,5062.5,5437.5,5062.5,5437.5,4593.75,3750,3187.5,3281.25,3093.75,3375,5062.5,4968.75,5062.5,5531.25,5156.25,0.0202,2018,F8,D4,Tw19,T13,IV10
161,2018,"180000x_Xinjiang_PA_Phylloscopus humei Call Mosuowan, Xinjiang, China XJ2018_1102_1100.Table.4.selections_12splits.txt",g,wav,6187.5,5250,5062.5,3937.5,3937.5,3750,3281.25,5062.5,4968.75,5250,4968.75,4500,5812.5,4875,4968.75,3937.5,3937.5,3750,3375,5062.5,4968.75,5062.5,5250,4593.75,0.0215,2018,F8,D4,Tw19,T13,IV10
162,2018,180100x_Harike_Hannu_Phylloscopus humei 180131.Table.4.selections_12splits.txt,f,wav,5437.5,4968.75,4781.25,3750,3750,3656.25,4125,5625,5906.25,5437.5,6375,4875,5343.75,5343.75,4687.5,3843.75,3750,3656.25,4031.25,5625,5531.25,5343.75,6093.75,5812.5,0.0186,2018,F8,D4,Tw19,T13,IV10
163,2018,180200x_Siana Rajasthan_Hannu_Phylloscopus humei 180209.Table.4.selections_12splits.txt,f,wav,4968.75,4218.75,4125,3562.5,3562.5,3562.5,3281.25,5062.5,4875,5062.5,6093.75,4218.75,5343.75,4406.25,4218.75,3656.25,3656.25,3468.75,3281.25,5062.5,4968.75,5156.25,5812.5,4218.75,0.0194,2018,F8,D4,Tw19,T13,IV10
164,2018,180203_07 Phylloscopus humei.Table.4.selections_12splits.txt,f,wav,5156.25,4218.75,3843.75,4031.25,4125,3468.75,3281.25,4781.25,4875,4968.75,5343.75,4968.75,5062.5,4312.5,3937.5,3843.75,4031.25,3468.75,3375,4687.5,4875,4968.75,5343.75,5156.25,0.0221,2018,F8,D4,Tw19,T13,IV10
165,2018,180204_10 Phylloscopus humei.Table.4.selections_12splits.txt,f,wav,6375,5531.25,4687.5,3937.5,3937.5,4031.25,3843.75,4968.75,5343.75,5343.75,6000,6187.5,6375,5531.25,4781.25,4031.25,3937.5,4031.25,3843.75,4500,5343.75,5343.75,6000,5625,0.0217,2018,F8,D4,Tw19,T13,IV10
166,2018,180205_10 Phylloscopus humei Mahabaleswar.Table.4.selections_12splits.txt,f,wav,4968.75,5062.5,4031.25,3656.25,3937.5,3281.25,3281.25,4687.5,4781.25,4968.75,5437.5,4312.5,4968.75,5062.5,3937.5,3656.25,3937.5,3281.25,3281.25,4593.75,4781.25,4968.75,5531.25,4593.75,0.0221,2018,F8,D4,Tw19,T13,IV10
167,2018,181211_232243771ML Phylloscopus humei.Table.4.selections_12splits.txt,g,wav,6375,5625,5343.75,3750,3656.25,3562.5,3000,5062.5,4687.5,5062.5,5906.25,5531.25,5812.5,5531.25,4875,3656.25,3656.25,3468.75,3093.75,5062.5,4687.5,4968.75,5906.25,5250,0.0202,2018,F8,D4,Tw19,T13,IV10
168,2019,190205_347457461ML Phylloscopus humei.Table.4.selections_12splits.txt,f,wav,5906.25,4593.75,4218.75,3937.5,4687.5,3937.5,3562.5,4031.25,4875,4968.75,6375,4406.25,4968.75,4781.25,4218.75,3937.5,4687.5,4031.25,3468.75,3937.5,4687.5,5062.5,5906.25,4500,0.0188,2019,F8,D4,Tw19,T13,IV10
169,2019,190219_284333ML Phylloscopus humei.Table.4.selections_12splits.txt,g,wav,4737.305,5684.766,5081.836,3962.109,3617.578,3875.977,3789.844,5426.367,4995.703,5081.836,6029.297,5081.836,4737.305,5598.633,5081.836,3962.109,3617.578,3875.977,3703.711,5426.367,5081.836,5081.836,6029.297,5081.836,0.0199,2019,F8,D4,Tw19,T13,IV10
170,2019,190224_284439ML Phylloscopus humei.Table.4.selections_12splits.txt,f,wav,5770.898,5770.898,4220.508,3962.109,3789.844,3703.711,4478.906,4909.57,4995.703,5943.164,6201.562,4048.242,5684.766,5426.367,4392.773,3962.109,3875.977,3703.711,4392.773,4909.57,5081.836,5770.898,6029.297,4048.242,0.0192,2019,F8,D4,Tw19,T13,IV10
171,2019,190310_2273 Phylloscopus humei WII.Table.4.selections_12splits.txt,f,wav,5250,6187.5,5062.5,4406.25,3937.5,3656.25,3562.5,5250,5250,5250,6468.75,6375,5343.75,6000,5156.25,4312.5,4031.25,3843.75,3562.5,5250,5343.75,5343.75,6468.75,6281.25,0.0175,2019,F8,D4,Tw19,T13,IV10
172,2019,190412_284749ML Phylloscopus humei.Table.4.selections_12splits.txt,g,wav,5512.5,5770.898,4651.172,3962.109,4048.242,3962.109,3445.312,5340.234,4995.703,5081.836,5684.766,4651.172,5684.766,5770.898,4995.703,4048.242,4048.242,3962.109,3445.312,5167.969,4995.703,5081.836,5943.164,5167.969,0.0207,2019,F8,D4,Tw19,T13,IV10
173,2019,190412_284749ML Phylloscopus humei.Table.7.selections_12splits.txt,g,wav,4478.906,5167.969,4823.438,3617.578,3531.445,3875.977,3617.578,5598.633,5081.836,5512.5,6029.297,6029.297,4478.906,5081.836,4651.172,3703.711,3531.445,3875.977,3617.578,5598.633,5340.234,5254.102,6029.297,5426.367,0.0205,2019,F8,D4,Tw19,T13,IV10
174,2019,190412_284759ML Phylloscopus humei.Table.4.selections_12splits.txt,f,wav,4995.703,4651.172,5340.234,4220.508,3875.977,3531.445,3359.18,4909.57,4995.703,4995.703,5512.5,4995.703,4392.773,4823.438,5081.836,4134.375,3875.977,3703.711,3359.18,4909.57,4995.703,5167.969,5512.5,5081.836,0.02515,2019,F8,D4,Tw19,T13,IV10
175,2019,190414_284860ML Phylloscopus humei.Table.4.selections_12splits.txt,g,wav,5857.031,5857.031,4737.305,4392.773,3789.844,3789.844,3531.445,5081.836,4909.57,5081.836,5426.367,4478.906,5857.031,5770.898,5081.836,4392.773,3789.844,3789.844,3531.445,4823.438,4909.57,5081.836,5598.633,4995.703,0.0205,2019,F8,D4,Tw19,T13,IV10
176,2019,190415_284924ML Phylloscopus humei.Table.4.selections_12splits.txt,g,wav,5426.367,5426.367,3962.109,3703.711,3531.445,3531.445,3359.18,5167.969,4823.438,4995.703,5684.766,5081.836,5340.234,5426.367,4220.508,3962.109,3617.578,3531.445,3617.578,5081.836,4909.57,5081.836,5598.633,5081.836,0.0196,2019,F8,D4,Tw19,T13,IV10
177,2019,190418_284958ML Phylloscopus humei.Table.4.selections_12splits.txt,g,wav,5167.969,5081.836,4737.305,3962.109,3703.711,3703.711,3273.047,5426.367,5167.969,5512.5,5598.633,5684.766,5167.969,5426.367,4565.039,4134.375,3875.977,3703.711,3703.711,5512.5,4995.703,5426.367,5598.633,5598.633,0.0198,2019,F8,D4,Tw19,T13,IV10
178,2019,190719_XC495363 - Phylloscopus humei Oscar Campbell Mongolia.Table.4.selections_12splits.txt,f,mp3,5598.633,4737.305,3789.844,3703.711,3789.844,3617.578,4392.773,5254.102,5340.234,5684.766,5943.164,4478.906,5598.633,4823.438,3875.977,3703.711,3789.844,3617.578,4306.641,5254.102,5254.102,5598.633,5684.766,4478.906,0.0186,2019,F8,D4,Tw19,T13,IV10
179,2019,191020_MIXPRE-957 Phylloscopus humei.Table.4.selections_12splits.txt,g,wav,4781.25,6000,4687.5,3750,3937.5,3750,3468.75,5718.75,5250,5250,6562.5,6468.75,5250,5718.75,4687.5,3750,3937.5,3843.75,3375,5625,5343.75,5250,6468.75,6187.5,0.018,2019,F8,D4,Tw19,T13,IV10
180,2019,191025_MIXPRE-964 Phylloscopus humei.Table.4.selections_12splits.txt,g,wav,5531.25,5625,3656.25,3375,3562.5,3375,3093.75,4875,4687.5,5156.25,5531.25,4406.25,5250,5531.25,4031.25,3375,3656.25,3375,3375,5062.5,4687.5,5156.25,5812.5,4687.5,0.0199,2019,F8,D4,Tw19,T13,IV10
181,2020,200207_India_Oscar Campbell_XC529846 - Hume's Leaf Warbler - Phylloscopus humei.Table.4.selections_12splits.txt,g,mp3,5598.633,5770.898,4306.641,3875.977,3875.977,3703.711,3273.047,5684.766,5167.969,5254.102,6373.828,5770.898,5598.633,5770.898,4392.773,3875.977,3875.977,3617.578,3617.578,5598.633,5081.836,5254.102,6201.562,5684.766,0.0176,2020,F8,D4,Tw20,T13,IV10
182,2020,200423_MIXPRE-2017 Phylloscopus humei.Table.4.selections_12splits.txt,g,wav,5437.5,5437.5,3937.5,3562.5,3562.5,3375,5062.5,5437.5,5250,5250,5437.5,5250,5343.75,5343.75,3937.5,3656.25,3562.5,3468.75,4968.75,5437.5,5250,5250,5437.5,5343.75,0.0193,2020,F8,D4,Tw20,T13,IV10
183,2020,200925_4608 Phylloscopus humei WII Dehradun Uttarakhand.Table.4.selections_12splits.txt,g,wav,5250,5250,4781.25,3937.5,3656.25,5343.75,5062.5,4968.75,4687.5,6000,6281.25,3937.5,5250,5343.75,4781.25,4312.5,3656.25,5062.5,5062.5,4781.25,4968.75,5812.5,5812.5,4125,0.0186,2020,F8,D4,Tw20,T13,IV10
184,2020,201026_MIXPRE-3187 Phylloscopus humei WII Dehradun Uttarakhand.Table.4.selections_12splits.txt,g,wav,6000,5625,4593.75,3750,3843.75,3750,3281.25,5625,5062.5,5625,6843.75,5062.5,5906.25,5718.75,5062.5,3843.75,3843.75,3843.75,4031.25,5625,5250,5625,6187.5,5531.25,0.019,2020,F8,D4,Tw20,T13,IV10
185,2020,201027_275251591ML Phylloscopus humei.Table.4.selections_12splits.txt,g,wav,5437.5,5437.5,4312.5,3562.5,3656.25,3468.75,3375,4968.75,4968.75,4875,5437.5,4406.25,5437.5,5343.75,4406.25,3750,3656.25,3468.75,3468.75,4968.75,4968.75,5062.5,5437.5,4687.5,0.021,2020,F8,D4,Tw20,T13,IV10
186,2020,201122_282701211ML Phylloscopus humei.Table.10.selections_12splits.txt,f,wav,5857.031,6201.562,5598.633,3875.977,3617.578,3445.312,5167.969,5081.836,4909.57,6029.297,6115.43,5167.969,5857.031,5943.164,4995.703,3789.844,3703.711,3445.312,5167.969,5081.836,5081.836,5857.031,6115.43,5254.102,0.0183,2020,F8,D4,Tw20,T13,IV10
187,2020,201122_282701211ML Phylloscopus humei.Table.4.selections_12splits.txt,g,wav,4306.641,6029.297,4392.773,3875.977,3789.844,3617.578,3789.844,4651.172,4737.305,5254.102,5512.5,5512.5,4478.906,5857.031,4306.641,3875.977,3789.844,3531.445,3703.711,4565.039,4737.305,5167.969,5512.5,5512.5,0.0185,2020,F8,D4,Tw20,T13,IV10
188,2020,201122_282701211ML Phylloscopus humei.Table.7.selections_12splits.txt,g,wav,5167.969,5254.102,4565.039,4134.375,3962.109,3273.047,5512.5,5167.969,5167.969,5426.367,5684.766,4565.039,5081.836,5340.234,4565.039,4134.375,3875.977,3359.18,5254.102,5167.969,5167.969,5512.5,5684.766,4565.039,0.0182,2020,F8,D4,Tw20,T13,IV10
189,2020,201123_282279981ML Phylloscopus humei.Table.4.selections_12splits.txt,f,wav,5437.5,5906.25,4312.5,3750,3750,3656.25,3375,4875,4875,5718.75,6093.75,5062.5,5437.5,5812.5,4312.5,3937.5,3843.75,3562.5,3843.75,4875,4875,5625,6000,5343.75,0.0164,2020,F8,D4,Tw20,T13,IV10
190,2020,201127_283225171ML Phylloscopus humei.Table.4.selections_12splits.txt,f,wav,6029.297,6201.562,4565.039,3875.977,3875.977,3445.312,5081.836,4909.57,5081.836,5770.898,6287.695,5598.633,6029.297,6029.297,4737.305,3875.977,3875.977,3445.312,4909.57,4909.57,5081.836,5770.898,6287.695,5512.5,0.0174,2020,F8,D4,Tw20,T13,IV10
191,2020,201127_283432211ML Phylloscopus humei.Table.4.selections_12splits.txt,g,wav,6029.297,6115.43,5167.969,4134.375,3962.109,3875.977,3617.578,5081.836,4995.703,5770.898,6029.297,6029.297,6029.297,5943.164,4995.703,4134.375,3962.109,3875.977,4651.172,5167.969,5081.836,5598.633,6115.43,6029.297,0.0172,2020,F8,D4,Tw20,T13,IV10
192,2020,201223_367754341ML Phylloscopus humei.Table.4.selections_12splits.txt,g,wav,5250,5437.5,5812.5,4500,3937.5,3750,4125,5062.5,5062.5,5625,5062.5,4312.5,5437.5,5250,5625,4312.5,3937.5,3937.5,4687.5,5062.5,5062.5,5625,5625,4312.5,0.0191,2020,F8,D4,Tw20,T13,IV10
193,2021,210104_MIXPRE-3480 Phylloscopus humei WII Dehradun.Table.4.selections_12splits.txt,g,wav,5906.25,4687.5,5250,3843.75,3375,3281.25,3093.75,5250,4312.5,4687.5,5906.25,5906.25,5718.75,4687.5,4875,3843.75,3375,3281.25,3093.75,5250,4406.25,4687.5,5718.75,5812.5,0.0194,2021,F9,D4,Tw20,T14,IV10
194,2021,210107_295636581ML Phylloscopus humei.Table.4.selections_12splits.txt,g,wav,5625,5437.5,5062.5,4125,3750,3937.5,3562.5,4875,5062.5,5250,5437.5,5062.5,5437.5,5437.5,4687.5,4125,3937.5,3937.5,3750,4875,5062.5,5250,5625,4687.5,0.0184,2021,F9,D4,Tw20,T14,IV10
195,2021,210114_MIXPRE-3507 Phylloscopus humei.Table.4.selections_12splits.txt,g,wav,6093.75,5156.25,6093.75,4312.5,3468.75,3656.25,3468.75,5156.25,4875,5250,6281.25,5156.25,5531.25,5343.75,5906.25,4406.25,4687.5,3750,3562.5,5250,4875,4968.75,6187.5,5531.25,0.0197,2021,F9,D4,Tw20,T14,IV10
196,2021,210114_MIXPRE-3511 Phylloscopus humei.Table.4.selections_12splits.txt,g,wav,5156.25,5718.75,4125,3843.75,3656.25,3562.5,3093.75,5343.75,4500,5343.75,5812.5,4312.5,5062.5,5531.25,4312.5,3843.75,3656.25,3468.75,4406.25,5250,4500,5250,5812.5,4500,0.0187,2021,F9,D4,Tw20,T14,IV10
197,2021,210210_307479921ML Phylloscopus humei.Table.4.selections_12splits.txt,g,mp3,5254.102,5512.5,3789.844,3359.18,3273.047,3273.047,5340.234,4651.172,4651.172,5857.031,5857.031,4306.641,5167.969,5426.367,3875.977,3445.312,3359.18,3273.047,5340.234,4823.438,4737.305,5684.766,5512.5,4392.773,0.0192,2021,F9,D4,Tw20,T14,IV10
198,2021,210221_MIXPRE-3602 Phylloscopus humei.Table.4.selections_12splits.txt,g,wav,5343.75,5906.25,4593.75,3375,3468.75,3375,4875,4968.75,4500,5343.75,6093.75,5718.75,5250,5625,4406.25,3375,3468.75,3281.25,4687.5,5156.25,4593.75,5156.25,6000,5437.5,0.0178,2021,F9,D4,Tw20,T14,IV10
199,2021,210305_MIXPRE-3624 Phylloscopus humei.Table.4.selections_12splits.txt,g,wav,5250,5437.5,4218.75,3656.25,3656.25,3375,5531.25,5343.75,4875,4875,5531.25,5156.25,5156.25,5531.25,4500,3750,3750,3562.5,4968.75,5343.75,4875,4968.75,5625,5156.25,0.0186,2021,F9,D4,Tw20,T14,IV10
200,2021,210425_MIXPRE-3690 Phylloscopus humei.Table.4.selections_12splits.txt,g,wav,4968.75,5156.25,4968.75,3562.5,3656.25,3468.75,5812.5,5062.5,4968.75,5437.5,4968.75,4687.5,4968.75,5250,4781.25,3562.5,3656.25,3375,5343.75,5156.25,4968.75,5531.25,4968.75,4687.5,0.0213,2021,F9,D4,Tw20,T14,IV10
201,2021,211009_376179951ML Phylloscopus humei.Table.4.selections_12splits.txt,g,wav,4737.305,5340.234,4392.773,5340.234,5598.633,3359.18,5340.234,5340.234,5081.836,5770.898,6029.297,5943.164,4651.172,5340.234,4565.039,4565.039,4823.438,3445.312,5340.234,5254.102,5081.836,5512.5,5770.898,5857.031,0.0206,2021,F9,D4,Tw20,T14,IV10
202,2021,211102_MixPre-305 Phylloscopus humei+P-xanthoschistos.Table.4.selections_12splits.txt,g,wav,4406.25,5718.75,4031.25,3750,3656.25,3468.75,3281.25,5812.5,5812.5,5812.5,6281.25,5718.75,4500,5625,4406.25,3656.25,3656.25,3468.75,3468.75,5812.5,5625,5718.75,6281.25,5625,0.0204,2021,F9,D4,Tw20,T14,IV10
203,2022,220111_MX661 Phylloscopus humei WII Dehradun.Table.4.selections_12splits.txt,g,wav,4593.75,6000,6000,6093.75,3281.25,3281.25,5343.75,5250,4781.25,5906.25,6093.75,6093.75,4593.75,6000,5437.5,4593.75,4781.25,4218.75,5250,5156.25,4781.25,5812.5,6000,5531.25,0.0186,2022,F9,D4,Tw21,T14,IV11
204,2022,220111_MX662 Phylloscopus humei diff ind WII Dehradun.Table.4.selections_12splits.txt,g,wav,5250,4406.25,3656.25,3187.5,3187.5,3187.5,5062.5,4593.75,4500,4500,5906.25,4875,5156.25,4500,3562.5,3281.25,3187.5,3187.5,5062.5,4687.5,4406.25,4687.5,5718.75,4593.75,0.0201,2022,F9,D4,Tw21,T14,IV11
205,2022,220111_MX668 Phylloscopus humei diff ind WII Dehradun.Table.4.selections_12splits.txt,g,wav,4968.75,4968.75,4687.5,3562.5,3562.5,3468.75,5437.5,4875,4687.5,5812.5,5906.25,5906.25,4875,5250,4500,3937.5,3562.5,3375,5437.5,4875,4687.5,5437.5,5812.5,4875,0.0199,2022,F9,D4,Tw21,T14,IV11
206,2022,220125_MX709 Phylloscopus humei WII Dehradun.Table.4.selections_12splits.txt,g,wav,5343.75,4500,3843.75,3281.25,3281.25,3093.75,5062.5,4968.75,4500,4687.5,6000,4875,5250,4593.75,3750,3281.25,3281.25,3093.75,5062.5,4781.25,4500,4687.5,5906.25,4781.25,0.0199,2022,F9,D4,Tw21,T14,IV11
207,2022,220216_MixPre-866 Phylloscopus humei WII Dehrdaun.Table.4.selections_12splits.txt,g,wav,4968.75,4968.75,3937.5,3562.5,3375,3093.75,4875,4593.75,4687.5,4968.75,5343.75,4968.75,4968.75,5343.75,4125,4125,4312.5,4031.25,4875,4593.75,4687.5,4968.75,5343.75,4781.25,0.0169,2022,F9,D4,Tw21,T14,IV11
208,2022,220616_MixPre-209 Phylloscopus humei.Table.4.selections_12splits.txt,g,wav,4875,4875,4593.75,3843.75,3750,3750,3281.25,4593.75,4781.25,4875,6093.75,4406.25,5156.25,4968.75,4406.25,3843.75,3750,3656.25,3375,4593.75,4687.5,5062.5,5718.75,4593.75,0.0188,2022,F9,D4,Tw21,T14,IV11
209,2022,220116_XC697468 - Hume's Leaf Warbler - Phylloscopus humei.Table.4.selections_12splits.txt,g,mp3,4406.25,4968.75,3562.5,3375,3375,3187.5,4968.75,4406.25,4312.5,4593.75,6000,4406.25,4406.25,4781.25,3843.75,3468.75,3468.75,3281.25,4968.75,4500,4406.25,4593.75,5906.25,4875,0.0188,2022,F9,D4,Tw21,T14,IV11
210,2022,220123_XC698415 - Hume's Leaf Warbler - Phylloscopus humei.Table.4.selections_12splits.txt,g,mp3,4593.75,5343.75,4593.75,4218.75,3187.5,3093.75,4593.75,4593.75,4593.75,5250,4593.75,4125,4593.75,5250,4593.75,4218.75,3281.25,3375,4687.5,4593.75,4593.75,5156.25,4875,4500,0.02,2022,F9,D4,Tw21,T14,IV11
211,2022,220223_XC704667 - Hume's Leaf Warbler - Phylloscopus humei.Table.4.selections_12splits.txt,g,mp3,4823.438,5167.969,3703.711,3359.18,3186.914,3100.781,4823.438,4392.773,4392.773,5426.367,5426.367,4392.773,4737.305,5167.969,3875.977,3359.18,3186.914,3100.781,4823.438,4392.773,4392.773,5254.102,5340.234,4306.641,0.0202,2022,F9,D4,Tw21,T14,IV11
212,2022,220222_XC710214 - Hume's Leaf Warbler - Phylloscopus humei.Table.4.selections_12splits.txt,g,mp3,4875,5250,4593.75,4031.25,4031.25,3468.75,5156.25,4687.5,4593.75,5437.5,5906.25,5718.75,4781.25,5250,4593.75,3937.5,4125,4218.75,5156.25,4875,4593.75,5343.75,5812.5,5437.5,0.0185,2022,F9,D4,Tw21,T14,IV11
213,2022,220403_XC713062 - Hume's Leaf Warbler - Phylloscopus humei.Table.4.selections_12splits.txt,g,mp3,5340.234,5512.5,4220.508,3875.977,3617.578,3359.18,3359.18,4823.438,4823.438,5081.836,5857.031,4909.57,5081.836,5081.836,4306.641,3875.977,3789.844,3445.312,3359.18,4823.438,4823.438,4995.703,5598.633,4995.703,0.0194,2022,F9,D4,Tw21,T14,IV11
214,2022,220619_XC738539 - Hume's Leaf Warbler - Phylloscopus humei humei.Table.4.selections_12splits.txt,g,mp3,5684.766,5254.102,4995.703,3875.977,3445.312,3445.312,3100.781,4909.57,4737.305,5598.633,5684.766,4220.508,5512.5,5254.102,4823.438,3789.844,3445.312,3445.312,3186.914,4909.57,4737.305,5512.5,5598.633,4220.508,0.0182,2022,F9,D4,Tw21,T14,IV11