SN,songmatch,Number of Calls,duration ( seconds),extranuous sounds
1,0000_82_0504_41935ML Phylloscopus humei India Ben King_1982 EDITED,5,10,1
2,0000_83_06xx_Kyrgystan_Svensson_P. humei_022A-WS4368XXXXXX-0107M0_2 EDITED,24,37,0
3,0000_86_02xx_Bharatpur_Hansen_P. humei_022A-WS4368XXXXXX-0104M0_3 EDITED,37,66,1
4,0000_86_02xx_Bharatpur_P. humei_Scharringa_022A-WS4368XXXXXX-0106M0_4 EDITED,75,96,0
5,0000_89_12xx_Nepal_Sebastian_P. humei_022A-W0001X0537XX-0135M0_7 EDITED,8,11,0
6,0000_9001xx_Bharatpur_Sebatian_P. humei_022A-W0001X0537XX-0115M0_8 EDITED,20,16,0
7,0000_91_0000_x_Phylloscopus humei Bharatpur K91 2_489-491 EDITED,7,10,0
8,0000_91_0000_x_Phylloscopus humei call Bharatpur Ind91 2_436-468 EDITED,23,43,0
9,0000_91_02xx_Netherlands_Hans_XC477443 - Hume's Leaf Warbler - Phylloscopus humei EDITED,3,5,0
10,0000_91_11xx_Nepal_Pholt_P. humei_022A-WS4370XXXXXX-0108M0 EDITED,42,50,0
11,0000_91_11xx_Nepal_Pholt_P. humei_022A-WS4370XXXXXX-0109M0 EDITED,41,52,1
12,0000_91_0300x_Phylloscopus humei L PA_91_03_653-EDITED,30,48,0
13,0000_92_0000_x_Phylloscopus humei Call Bharatpur Ind92 185-230 EDITED,48,60,0
14,0000_92_0100x_Phylloscopus humei L PA_92_01_553 EDITED-,16,24,0
15,0000_93_01xx_Bharatpur_Pholt_P. humei_022A-WS4369XXXXXX-0105M0_2 EDITED,21,43,0
16,0000_94_xxxx_Phylloscopus humei_Trevor Price_Loud_humei(1)_Manali 1994 Trevor EDITED,30,50,0
17,0000_96_01xx_Bharatpur_Harrap_P. humei_022A-W0001X1735XX-0132M0_96+97_1 EDITED,4,7,0
18,0000_96_02xx_Nepal_Harrap_P. humei_022A-W0001X1726XX-0142M0_96+97_2 EDITED,17,20,0
19,0000_97_02xx_Bharatpur_Pholt_P. humei_022A-W0001X0197XX-0110M0_96+97_4 EDITED,14,19,1
20,"0000_98_01xx_Bharatpur_Pholt_Warbler, Hume's (Rajasthan)(CD24-29)_98+99_3 EDITED",9,13,1
21,0000_99_04xx_Himachal_PS_AN4Cue 17 Phylloscopus humei GHNP Himachal 1999 April_98+99_10 EDITED,24,54,1
22,0202xx_Bharatpur_Hannu_Phyhum2D202_01+02_9 EDITED,76,123,0
23,2000_0408_24p70 Phylloscopus humei FRI Dehradun Uttarakhand_1 EDITED,12,18,0
24,2001_02xx_Bharatpur_Hannu_PhyhumD301_01+02_2 n EDITED,17,23,1
25,2003_XC749562 - Hume's Leaf Warbler - Phylloscopus humei humei EDITED,17,20,0
26,041009_Datcut29 Phylloscopus humie IIFM Bhopal Madhya Pradesh EDITED,46,75,0
27,050916_D129aCue 23 Phylloscopus spp near Manali Himachal P-humei background_04+05_9 EDITED,32,38,0
28,060107_D133Cue 07 Phylloscopus humei U Kathotia Area near Bhopal Madhya Pradesh_06+07_6 EDITED,9,14,0
29,070204_D170Cue 83 Phylloscopus humei Badkal_Faridabad Haryana_06+07_10 EDITED,15,33,0
30,081105_D191Cue 37 Phylloscopus spp Sariska Rajasthan_9 EDITED,33,47,0
31,090402_D195Cue 33 Phylloscopus humei+tytleri Dhanaulti Uttarakhand_9 EDITED,9,8,0
32,100215_07 Phylloscopus humei U SOOR SAROVAR AGRA UP_4 EDITED,12,22,0
33,110200x_Harike_AnteStrand_XC105580 - Hume's Leaf Warbler - Phylloscopus humei_1 EDITED,7,9,0
34,110300x_Haryana_MikeNelson_XC73382 - Hume's Leaf Warbler - Phylloscopus humei humei_3 EDITED,10,15,0
35,110500x_Kazakhistan_ArendWasinck_XC150181 - Hume's Leaf Warbler - Phylloscopus humei humei_4 EDITED,12,16,0
36,110500x_Kazakhistan_Patrick Franke_XC120496 - Hume's Leaf Warbler - Phylloscopus humei humei_5 EDITED,18,27,1
37,120200x_Bandhavgarh_Hannu_Phylloscopus humei_120211_01_1 EDITED,13,18,1
38,120500x_Kazakhistan_ArendWassinck_XC150198 - Hume's Leaf Warbler - Phylloscopus humei humei_2 EDITED,10,12,0
39,"121000x_Xinjiang West China_Pholt_Warbler, Hume's Leaf (Xinjiang)(A7241)_3 down sampled EDITED",12,27,0
40,"121000x_Xinjiang_Pholt_Warbler, Hume's Leaf (Xinjiang)(A7232)_5 downsampled EDITED",31,45,0
41,121100x_Sultanpur_MikeNelson_XC116652 - Hume's Leaf Warbler - Phylloscopus humei humei_8 EDITED,30,31,0
42,121221_35 Phylloscopus humie U KNP_Bharatpur Rajasthan_9 EDITED,10,18,0
43,140310_35 Phylloscopus humei Bhindawas Haryana_10 EDITED,6,8,0
44,140311_15 Phylloscopus humei Bhindawas Haryana_11 EDITED,19,22,0
45,140500x_Kazakhistan_AlbertLastukhin_XC184262 - Hume's Leaf Warbler - Phylloscopus humei_4 EDITED,9,14,0
46,140900x_Ladakh_Hannu_Phylloscopus humei_140921_02_7 EDITED,12,14,0
47,"180000x_Xinjiang_PA_Phylloscopus humei Call Mosuowan, Xinjiang, China XJ2018_1086_6 EDITED",17,24,0
48,180100x_Harike_Hannu_Phylloscopus humei 180131_05_16 EDITED,30,43,0
49,190205_347457461ML Phylloscopus humei EDITED,32,43,0
50,190219_284362ML Phylloscopus humei EDITED,19,25,0
51,201026_MIXPRE-3187 Phylloscopus humei WII Dehradun Uttarakhand EDITED,11,13,0
52,201127_283225171ML Phylloscopus humei EDITED,11,14,0
53,201223_367754341ML Phylloscopus humei EDITED,6,6,0
54,210107_295636581ML Phylloscopus humei EDITED,6,6,0
55,210114_MIXPRE-3511 Phylloscopus humei EDITED,10,17,0
56,210221_MIXPRE-3602 Phylloscopus humei WII Dehradun EDITED,31,50,0
57,210305_MIXPRE-3624 Phylloscopus humei EDITED,8,17,0
58,210425_MIXPRE-3690 Phylloscopus humei EDITED,29,39,0
59,220111_MX661 Phylloscopus humei WII Dehradun EDITED,12,18,0
60,220111_MX662 Phylloscopus humei diff ind WII Dehradun EDITED,10,15,0
61,220111_MX668 Phylloscopus humei diff ind WII Dehradun EDITED,48,56,0
62,220125_MX709 Phylloscopus humei WII Dehradun EDITED,38,47,0
63,220223_XC704667 - Hume's Leaf Warbler - Phylloscopus humei EDITED,9,12,0
64,220616_MixPre-209 Phylloscopus humei EDITED,6,10,0
65,220619_XC738539 - Hume's Leaf Warbler - Phylloscopus humei humei EDITED,23,23,0
66,230101_001_Tr1 Phylloscopus humei WII Dehradun Uttarakhand edited,24,58,0
67,230205_002_Tr1 Phylloscopus humei WII Dehradun Uttarakhand edited,22,37,1
68,230212_011_Tr1 Phylloscopus humei WII Dehradun Uttarakhand edited,33,28,1
69,240202_001 Phylloscopus humei Chandrabani Sal Forest Dehradun edited,21,39,1
70,241105_XC945927 - Hume's Leaf Warbler - Phylloscopus humei edited,9,11,1
,,3,,13