SN,Source Name,Call type,Format,Begin Time (s),End Time (s),Low Freq (Hz),High Freq (Hz),Freq 5% (Hz),Freq 95% (Hz),Delta Freq (Hz),Delta Time (s),BW 90% (Hz),Center Freq (Hz),Peak Freq,Year,Year5,Deacades,Twos,Threes,4 Years,latitude,longitude,,,,,,,
1,0000-820504_41935ML P.humei India Ben King_1982.Table.1.selections.txt,a,wav,33.933,34.16357126,2970,7605,3789.844,5684.766,4635,0.2306,1894.922,4306.641,4220.5,1982,F1,D1,Tw01,T01,IV01,34.2,74.35,,,,,,,
2,0000-830200_Netherlands_Cornelius_P. humei_022A-WS4368XXXXXX-0101M0.table.1.selections.txt,a,wav,45.54124474,45.74928603,3094.1,5592.6,3562.5,4875,2498.5,0.208,1312.5,4125,4312.5,1983,F1,D1,Tw01,T01,IV01,52.01,4.4,,,,,,,
3,0000-830600_Kyrgystan_Svensson_P. humei_022A-WS4368XXXXXX-0107M0.table.1.selections.txt,a,wav,75.62151119,75.823,2953.1,5953.1,3562.5,5250,3000,0.2015,1687.5,4312.5,4312.5,1983,F1,D1,Tw01,T01,IV01,43,74,,,,,,,
4,0000-860200_Bharatpur_Hansen_P. humei_022A-WS4368XXXXXX-0104M0.table.1.selections.txt,b,wav,157.1986403,157.3778536,2738.8,6465.3,3937.5,5437.5,3726.5,0.1792,1500,4687.5,4687.5,1986,F2,D1,Tw03,T02,IV02,27.22,77.49,,,,,,,
5,0000-860200_Bharatpur_P. humei_Scharringa_022A-WS4368XXXXXX-0106M0.table.1.selections.txt,b,wav,42.9310404,43.136,2756.8,5404.8,3562.5,5062.5,2648,0.205,1500,4312.5,4687.5,1986,F2,D1,Tw03,T02,IV02,27.22,77.49,,,,,,,
6,0000-860500_Tuva Russia_Nicolai_P. humei_022A-WS4371XXXXXX-0104M0.table.1.selections.txt,b,wav,23.4636,23.62718947,3057.034,6250.951,3750,5437.5,3193.917,0.1636,1687.5,4875,5437.5,1986,F2,D1,Tw03,T02,IV02,51.89,95.63,,,,,,,
7,0000-860600_Svensson_P. humei_022A-WS4368XXXXXX-0110M0.table.1.selections.txt,a,wav,15.42373562,15.63093413,2756.168,5016.845,3562.5,4500,2260.677,0.2072,937.5,3937.5,4312.5,1986,F2,D1,Tw03,T02,IV02,43,77,,,,,,,
8,0000-890000_Phyloscopus humei _Trevor Price overa Humei1989.table.1.selections.txt,b,wav,1773.887763,1774.068879,3356.062,5838.149,3789.844,5081.836,2482.087,0.1811,1291.992,4392.773,4995.703,1989,F2,D1,Tw04,T03,IV02,34.04,75.32,,,,,,,
9,0000-891200_Nepal_Sebastian_P. humei_022A-W0001X0537XX-0135M0.table.1.selections.txt,a,wav,6.676183345,6.832930099,3034.012,7307.8,3789.844,5770.898,4273.788,0.1567,1981.055,4995.703,5081.836,1989,F2,D1,Tw04,T03,IV02,27.53,84.35,,,,,,,
10,0000-900100_Bharatpur_Sebatian_P. humei_022A-W0001X0537XX-0115M0.table.1.selections.txt,a,wav,16.83354277,17.01622991,2767.8,5729.1,3703.711,5512.5,2961.3,0.1827,1808.789,4306.641,5512.5,1990,F2,D1,Tw05,T03,IV03,27.22,77.49,,,,,,,
11,0000-910000_P.humei Bharatpur K91 2_489-491.table.1.selections.txt,a,wav,1.713981789,1.908746615,2480.3,5254.3,3468.75,5062.5,2774,0.1948,1593.75,4031.25,4968.75,1991,F3,D2,Tw05,T04,IV03,27.22,77.49,,,,,,,
12,0000-910000_P.humei call Bharatpur Ind91 2_436-468.table.1.selections.txt,b,wav,29.11449935,29.27903569,1825.095,5657.795,3937.5,5437.5,3832.7,0.1645,1500,4500,5343.75,1991,F3,D2,Tw05,T04,IV03,27.22,77.49,,,,,,,
13,0000-910000_P.humei call Bharatpur Ind91 2_436-468.table.4.selections.txt,b,wav,47.2082281,47.37360222,2235.741,7076.9,3937.5,6000,4841.159,0.1654,2062.5,4968.75,5718.75,1991,F3,D2,Tw05,T04,IV03,27.22,77.49,,,,,,,
14,0000-910000_P.humei Call Bharatpur Ind91 2_549-570.table.1.selections.txt,b,wav,0.248961814,0.41434359,2377,6747.6,3843.75,5343.75,4370.6,0.1654,1500,4500,4500,1991,F3,D2,Tw05,T04,IV03,52.42,"5,23",,,,,,,
15,0000-910000_P.humei Call Bharatpur Ind91 2_549-570.table.4.selections.txt,b,wav,1.272536412,1.441034317,1894.737,6804.5,4031.25,5343.75,4909.763,0.1685,1312.5,5062.5,5156.25,1991,F3,D2,Tw05,T04,IV03,27.22,77.49,,,,,,,
16,0000-910000_P.humei Call Bharatpur Ind91 2_549-570.table.7.selections.txt,a,wav,36.44739379,36.6072392,2526.316,5638.8,3562.5,5062.5,3112.484,0.1598,1500,4125,4125,1991,F3,D2,Tw05,T04,IV03,27.7,85.35,,,,,,,
17,0000-910300_P.humei L PA_91_03_653-.table.1.selections.txt,b,wav,8.276341214,8.440125542,2859.9,6548.7,3531.445,4909.57,3688.8,0.1638,1378.125,4306.641,4565.039,1991,F3,D2,Tw05,T04,IV03,27.7,85.35,,,,,,,
18,0000-910300_P.humei L PA_91_03_653-.table.4.selections.txt,a,wav,42.84732529,43.06547501,2638.462,5015.1,3359.18,4737.305,2376.638,0.2181,1378.125,3962.109,4048.242,1991,F3,D2,Tw05,T04,IV03,27.7,85.35,,,,,,,
19,0000-911100_Nepal_Pholt_P. humei_022A-WS4370XXXXXX-0108M0.table.1.selections.txt,a,wav,70.32011465,70.53844036,1490.098,5629.26,3750,5062.5,4139.162,0.2183,1312.5,4500,4500,1991,F3,D2,Tw05,T04,IV03,27.22,77.49,,,,,,,
20,0000-911100_Nepal_Pholt_P. humei_022A-WS4370XXXXXX-0109M0.table.1.selections.txt,a,wav,31.36155407,31.56424679,2503.9,5952.8,3750,5250,3448.9,0.2027,1500,4312.5,4312.5,1991,F3,D2,Tw05,T04,IV03,27.22,77.49,,,,,,,
21,0000-911100_Nepal_Pholt_P. humei_022A-WS4370XXXXXX-0111M0.table.1.selections.txt,a,wav,90.74178697,90.95672848,2132.231,5671.2,3562.5,5062.5,3538.969,0.2149,1500,3937.5,3750,1991,F3,D2,Tw05,T04,IV03,27.22,77.49,,,,,,,
22,0000-920000_P.humei Call Bharatpur Ind92 185-230.table.1.selections.txt,a,wav,0.229123865,0.431738808,2014.8,5251,3750,4968.75,3236.2,0.2026,1218.75,4406.25,4687.5,1992,F3,D2,Tw06,T04,IV03,29.53,78.77,,,,,,,
23,0000-920000_P.humei Call Bharatpur Ind92 185-230.table.4.selections.txt,b,wav,68.30181321,68.46983384,2169.8,6315.789,3937.5,5718.75,4145.989,0.168,1781.25,5062.5,5625,1992,F3,D2,Tw06,T04,IV03,NA,NA,,,,,,,
24,0000-920100_P.humei L PA_92_01_553-.table.1.selections.txt,b,wav,1.873587432,2.053731692,1782.8,6708.8,3962.109,5598.633,4926,0.1801,1636.523,4995.703,4995.703,1992,F3,D2,Tw06,T04,IV03,27.22,77.49,,,,,,,
25,0000_92_01xx_Bharatpur_Pholt_P. humei_022A-WS4369XXXXXX-0102M0_3.Table.1.selections,b,wav,11.20207118,11.38889077,1272.7,7636.4,3750,6000,6363.7,0.1868,2250,5062.5,5625,1992,F3,D2,Tw06,T04,IV03,27.22,77.49,,,,,,,
26,0000-920100_Bharatpur_Pholt_P. humei_022A-WS4369XXXXXX-0103M0.table.1.selections.txt,b,wav,14.30449814,14.50747896,1529.536,6482.318,3187.5,5437.5,4952.782,0.203,2250,4125,4312.5,1992,F3,D2,Tw06,T04,IV03,27.22,77.49,,,,,,,
27,0000-920100_Corbett_Pholt_P. humei_022A-WS4369XXXXXX-0101M0.table.1.selections.txt,b,wav,120.4037654,120.5615917,1710.742,6432.391,3562.5,5625,4721.649,0.1578,2062.5,4687.5,4312.5,1992,F3,D2,Tw06,T04,IV03,27.22,77.49,,,,,,,
28,0000-920100_Corbett_Pholt_P. humei_022A-WS4369XXXXXX-0101M0.table.4.selections.txt,a,wav,152.0693494,152.2640961,1956.1,5945.5,3375,5437.5,3989.4,0.1947,2062.5,4500,4875,1992,F3,D2,Tw06,T04,IV03,27.22,77.49,,,,,,,
29,0000-930100_Bharatpur_Pholt_P. humei_022A-WS4369XXXXXX-0104M0.table.1.selections.txt,b,wav,16.35211881,16.53041881,1777.778,6828.283,3750,4875,5050.505,0.1783,1125,4500,4687.5,1993,F3,D2,Tw06,T04,IV03,27.22,77.49,,,,,,,
30,0000-930100_Bharatpur_Pholt_P. humei_022A-WS4369XXXXXX-0105M0.table.1.selections.txt,b,wav,15.43949901,15.59946772,2469.1,7016.129,3937.5,6187.5,4547.029,0.16,2250,5062.5,5250,1993,F3,D2,Tw06,T04,IV03,27.22,77.49,,,,,,,
31,0000-930100_Bharatpur_Pholt_P. humei_022A-WS4369XXXXXX-0106M0.table.1.selections.txt,b,wav,11.16674631,11.37806734,2307.692,6871.795,3562.5,5812.5,4564.103,0.2113,2250,4875,5062.5,1993,F3,D2,Tw06,T04,IV03,27.22,77.49,,,,,,,
32,0000-930100_Bharatpur_Pholt_P. humei_022A-WS4369XXXXXX-0107M0.table.1.selections.txt,b,wav,46.78841777,46.98102288,1844.6,7137.9,4125,6562.5,5293.3,0.1926,2437.5,4875,6187.5,1993,F3,D2,Tw06,T04,IV03,27.22,77.49,,,,,,,
33,0000-930100_Bharatpur_Pholt_P. humei_022A-WS4369XXXXXX-0107M0.table.4.selections.txt,b,wav,48.27705585,48.51161366,1706.9,6620.7,3750,5250,4913.8,0.2346,1500,4312.5,4687.5,1993,F3,D2,Tw06,T04,IV03,27.22,77.49,,,,,,,
34,0000-930100_Bharatpur_Pholt_P. humei_022A-WS4369XXXXXX-0108M0.table.1.selections.txt,b,wav,26.29699026,26.47861959,2218.009,7446,4125,6750,5227.991,0.1816,2625,4875,4875,1993,F3,D2,Tw06,T04,IV03,27.22,77.49,,,,,,,
35,0000-930100_Bharatpur_Pholt_P. humei_022A-WS4369XXXXXX-0108M0.table.4.selections.txt,b,wav,37.33186994,37.51581358,2013.7,6767.773,4125,6375,4754.073,0.1839,2250,5062.5,6000,1993,F3,D2,Tw06,T04,IV03,27.22,77.49,,,,,,,
36,0000-930100_Bharatpur_Pholt_P. humei_022A-WS4369XXXXXX-0109M0.table.1.selections.txt,b,wav,17.06429316,17.29418028,1487.179,5179.487,3375,4875,3692.308,0.2299,1500,4500,4875,1993,F3,D2,Tw06,T04,IV03,27.22,77.49,,,,,,,
37,0000-930100_Bharatpur_Pholt_P. humei_022A-WS4369XXXXXX-0110M0.table.1.selections.txt,b,wav,11.90118239,12.10942458,1893,6585.366,3375,5437.5,4692.366,0.2082,2062.5,4312.5,4687.5,1993,F3,D2,Tw06,T04,IV03,27.22,77.49,,,,,,,
38,0000-930100_Bharatpur_Pholt_P. humei_022A-WS4369XXXXXX-0111M0.table.1.selections.txt,b,wav,17.74413017,17.96066527,1570,6354.6,3375,5625,4784.6,0.2165,2250,4312.5,4312.5,1993,F3,D2,Tw06,T04,IV03,42.62,70.57,,,,,,,
39,0000-930100_Bharatpur_Pholt_P. humei_022A-WS4369XXXXXX-0112M0.table.1.selections.txt,b,wav,26.82287745,27.04221054,1931.6,6439,3375,4875,4507.4,0.2193,1500,4312.5,4687.5,1993,F3,D2,Tw06,T04,IV03,42.62,70.57,,,,,,,
40,0000-930900_Kazakistan_Pholt_P. humei_022A-WS4370XXXXXX-0115M0.table.1.selections.txt,b,wav,25.03114912,25.21127483,2117.647,7122.995,3750,5625,5005.348,0.1801,1875,4875,5062.5,1993,F3,D2,Tw06,T04,IV03,42.62,70.57,,,,,,,
41,0000-930900_Kazakistan_Pholt_P. humei_022A-WS4370XXXXXX-0116M0.table.1.selections.txt,b,wav,35.23592422,35.41043371,1948.718,7179.487,3562.5,5062.5,5230.769,0.1745,1500,4875,4875,1993,F3,D2,Tw06,T04,IV03,32.24,77.19,,,,,,,
42,0000-930900_Kazakistan_Pholt_P. humei_022A-WS4407XXXXXX-0115M0.table.1.selections.txt,b,wav,24.9046439,25.14072333,2750,6500,3562.5,4875,3750,0.2361,1312.5,4125,4687.5,1993,F3,D2,Tw06,T04,IV03,32.24,77.19,,,,,,,
43,0000-930900_Kazakistan_Pholt_P. humei_022A-WS4407XXXXXX-0115M0.table.4.selections.txt,b,wav,26.14725517,26.39412653,2625,6437.5,3562.5,5062.5,3812.5,0.2469,1500,4687.5,4875,1993,F3,D2,Tw06,T04,IV03,27.22,77.49,,,,,,,
44,0000-940100_Bharatpur__Drijvers_P. humei_022A-W0001X0228XX-0101M0.table.1.selections.txt,b,wav,61.82567222,61.98774518,3462.119,6621.723,4048.242,5340.234,3159.604,0.1621,1291.992,4823.438,4478.906,1994,F3,D2,Tw07,T05,IV04,27.22,77.49,,,,,,,
45,0000-940000_P.humei_Trevor Price_Loud_humei(1)_Manali 1994 Trevor.table.1.selections.txt,c,wav,64.72259893,64.918,2508.057,6825,4048.242,5598.633,4316.943,0.1954,1550.391,4737.305,4565.039,1994,F3,D2,Tw07,T05,IV04,26.02,76.5,,,,,,,
46,0000-940000_P.humei_Trevor Price_Loud_humei(1)_Manali 1994 Trevor.table.4.selections.txt,c,wav,67.71056727,67.89947555,2392.8,6352.5,3875.977,5684.766,3959.7,0.1889,1808.789,4565.039,4565.039,1994,F3,D2,Tw07,T05,IV04,26.02,76.5,,,,,,,
47,0000-940000_P.humei_Trevor Price_PhumeiRbM_Manali 1994 Trevor.table.1.selections.txt,c,wav,603.757416,603.9431887,2317.1,7099.9,4048.242,6373.828,4782.8,0.1858,2325.586,4823.438,4995.703,1994,F3,D2,Tw07,T05,IV04,27.22,77.49,,,,,,,
48,0000-960100_Bharatpur_Harrap_P. humei_022A-W0001X1735XX-0132M0.table.1.selections.txt,c,wav,12.06491998,12.26129323,2654.167,6527.3,3703.711,5770.898,3873.133,0.1964,2067.188,4651.172,4651.172,1996,F4,D2,Tw08,T05,IV04,30.32,78.03,,,,,,,
49,0000-960200_Nepal_Harrap_P. humei_022A-W0001X1726XX-0142M0.table.1.selections.txt,c,wav,11.44700856,11.62763496,2931.7,6524.2,3875.977,5512.5,3592.5,0.1806,1636.523,4478.906,4478.906,1996,F4,D2,Tw08,T05,IV04,27.22,77.49,,,,,,,
50,0000-970100_Ranathambore_Pholt_P. humei_022A-W0001X0197XX-0109M0.table.1.selections.txt,c,wav,59.65062433,59.8608866,2015,6571.552,3359.18,5512.5,4556.552,0.2103,2153.32,4306.641,4565.039,1997,F4,D2,Tw08,T06,IV04,27.22,77.49,,,,,,,
51,0000-970200_Bharatpur_Pholt_P. humei_022A-W0001X0197XX-0110M0.table.1.selections.txt,c,wav,108.7151638,108.9013773,3024.6,6439.4,3617.578,5167.969,3414.8,0.1862,1550.391,4823.438,4909.57,1997,F4,D2,Tw08,T06,IV04,31.89,77.14,,,,,,,
52,0000-970200_Bharatpur_Pholt_P. humei_022A-W0001X0197XX-0110M0.table.4.selections.txt,c,wav,109.9770642,110.1744163,2975.8,6808.267,3531.445,6287.695,3832.467,0.1974,2756.25,4565.039,3962.109,1997,F4,D2,Tw08,T06,IV04,31.89,77.14,,,Note type,elements,syntax,Remarks,Remark2
53,0000-971000_AN20bCue 01 P.humei Dehradun Uttarakhand 1997 October.table.1.selections.txt,c,wav,19.5249,19.70436308,2140.7,6334.239,3186.914,5081.836,4193.539,0.1795,1894.922,4134.375,4220.508,1997,F4,D2,Tw08,T06,IV04,31.89,77.14,,,,,,512,selected
54,"0000-980112_Bharatpur_Pholt_Warbler, Hume's (Rajasthan)(CD24-29).table.1.selections.txt",c,wav,8.394987057,8.59650578,1661.8,6354,3789.844,5857.031,4692.2,0.2015,2067.188,4306.641,4392.773,1998,F4,D2,Tw09,T06,IV05,31.89,77.14,,,,,,,
55,"0000-980118_Bharatpur_Pholt_Warbler, Hume's Leaf (Rajasthan)(CD26-13).table.1.selections.txt",c,wav,45.91439929,46.13658061,1528.218,7615.75,3703.711,5943.164,6087.532,0.2222,2239.453,4220.508,5857.031,1998,F4,D2,Tw09,T06,IV05,NA,NA,,,,,,,
56,0000-980400_GHNP_ANCue 14 U Phylloscopus griseolis affinis GHNP Himachal 1998 April P-humei background.table.1.selections.txt,c,wav,30.66330251,30.89936443,2676,6820.914,3617.578,6201.562,4144.914,0.2361,2583.984,4737.305,4565.039,1998,F4,D2,Tw09,T06,IV05,NA,NA,,,,,,,
57,0000-980400_GHNP_ANCue 16 Phylloscopus occipitalis GHNP Himachal 1998 April P-humei background.table.1.selections.txt,c,wav,34.26836392,34.49193402,2547.443,6417,3100.781,6029.297,3869.557,0.2236,2928.516,4909.57,5598.633,1998,F4,D2,Tw09,T06,IV05,31.89,77.14,,,,,,,
58,0000-980400_Himachal_PS_ANCue 03 P.humei GHNP Himachal 1998 April.table.1.selections.txt,c,wav,11.25080909,11.4532724,2635.5,6784.615,4306.641,6201.562,4149.115,0.2025,1894.922,4995.703,5598.633,1998,F4,D2,Tw09,T06,IV05,31.54,77.37,,,,,,,
59,0000-980400_Himachal_PS_ANCue 03 P.humei GHNP Himachal 1998 April.table.4.selections.txt,c,wav,13.63285259,13.82834262,2650.24,6572.596,4134.375,5770.898,3922.356,0.1955,1636.523,4565.039,4565.039,1998,F4,D2,Tw09,T06,IV05,31.54,77.37,,,,,,,
60,0000-980400_Himachal_PS_ANCue 15 P.humei GHNP Himchal 1998 April.table.1.selections.txt,c,wav,50.56835304,50.788,2841.495,6674,3703.711,6459.961,3832.505,0.2196,2756.25,4995.703,6459.961,1998,F4,D2,Tw09,T06,IV05,30.32,78.03,,,,,,,
61,0000-980500_P.humei L PA98_05_55-56.table.1.selections.txt,c,wav,9.160735363,9.362730605,1935.239,6514.8,3789.844,5081.836,4579.561,0.202,1291.992,4392.773,4478.906,1998,F4,D2,Tw09,T06,IV05,30.32,78.03,,,,,,,
62,0000-980600_P.humei L PA98_06_12.table.1.selections.txt,c,wav,6.127826112,6.330817627,1503.4,7151.4,3789.844,5598.633,5648,0.203,1808.789,4392.773,4306.641,1998,F4,D2,Tw09,T06,IV05,30.32,78.03,,,,,,,
63,0000-990425_76p27-28 P.humei Jalori Pass Himachal.table.1.selections.txt,c,wav,89.18295436,89.36082375,2240.854,6588.11,3962.109,5857.031,4347.256,0.1779,1894.922,4823.438,4737.305,1999,F4,D2,Tw09,T06,IV05,30.32,78.03,,,,,,,
64,0000-990400_Himachal_PS_AN4Cue 17 P.humei GHNP Himachal 1999.table.1.selections.txt,c,wav,59.17818948,59.39851601,2214.7,6910,3359.18,5770.898,4695.3,0.2203,2411.719,4737.305,4823.438,1999,F4,D2,Tw09,T06,IV05,27.22,77.49,,,,,,,
65,0000-990400_Himachal_PS_AN6Cue 20 P.humei+Tarsiger rufilatus Soja-Jalori Himachal 1999.table.1.selections.txt,c,wav,93.81721717,93.99260275,2074,6563.721,3359.18,5598.633,4489.721,0.1754,2239.453,4565.039,4651.172,1999,F4,D2,Tw09,T06,IV05,29.53,78.77,,,,,,,
66,000326_58p25 Dendrocitta vagabunda near WII Dehradun Uttarakhand P-humei background.table.1.selections.txt,c,wav,43.7394,43.9476712,2878.012,6818.675,4306.641,6287.695,3940.663,0.2083,1981.055,5770.898,5770.898,2000,F4,D2,Tw10,T07,IV05,29.53,78.77,,,,,,,
67,000327_58p32 Ocyceros birostris near WII Dehradun Uttarakhand P-humei background.table.1.selections.txt,c,wav,21.03213059,21.20966192,3175.2,6111.236,3703.711,5857.031,2936.036,0.1775,2153.32,4565.039,4565.039,2000,F4,D2,Tw10,T07,IV05,27.22,77.49,,,,,,,
68,000408_24p70 P.humei FRI Dehradun Uttarakhand.table.1.selections.txt,c,wav,5.877218111,6.049924279,2655,6165,3789.844,5512.5,3510,0.1727,1722.656,4220.508,4220.508,2000,F4,D2,Tw10,T07,IV05,27.22,77.49,,,,,,,
69,000408_24p70 P.humei FRI Dehradun Uttarakhand.table.4.selections.txt,c,wav,27.80995104,28.00290523,2641,6781.1,4048.242,5943.164,4140.1,0.193,1894.922,4737.305,4909.57,2000,F4,D2,Tw10,T07,IV05,27.22,77.49,,,,,,,
70,010214_Bharatpur_Hannu_Phyhum2D401.table.1.selections.txt,c,wav,30.98305722,31.19780824,2334.375,5878.125,3703.711,5684.766,3543.75,0.2148,1981.055,4823.438,5684.766,2001,F5,D3,Tw10,T07,IV05,27.22,77.49,,,,,,,
71,010212_Bharatpur_Hannu_PhyhumD301.table.1.selections.txt,c,wav,17.35309827,17.58853418,2149.528,6136.557,3962.109,5684.766,3987.029,0.2354,1722.656,4737.305,5340.234,2001,F5,D3,Tw10,T07,IV05,27.22,77.49,,,,,,,
72,010214_Bharatpur_Hannu_PhyhumD401.table.1.selections.txt,c,wav,3.206579023,3.440371702,2273.906,6063.75,3703.711,5340.234,3789.844,0.2338,1636.523,4134.375,4134.375,2001,F5,D3,Tw10,T07,IV05,27.22,77.49,,,,,,,
73,010207_Corbett_Hannu_Phyhum2D101.table.1.selections.txt,c,wav,92.19901523,92.4250291,2398.7,5889.6,3617.578,5254.102,3490.9,0.226,1636.523,4048.242,3962.109,2001,F5,D3,Tw10,T07,IV05,27.22,77.49,,,,,,,
74,010207_Corbett_Hannu_PhyhumD101.table.1.selections.txt,c,wav,20.9542952,21.19598944,2205,5688.9,3703.711,5426.367,3483.9,0.2417,1722.656,4737.305,5426.367,2001,F5,D3,Tw10,T07,IV05,27.22,77.49,,,,,,,
75,020103_Bharatpur_Hannu_Phyhum3D202.table.1.selections.txt,d,wav,25.43465993,25.64433627,2490.833,6452.6,3875.977,5770.898,3961.767,0.2097,1894.922,4823.438,4134.375,2002,F5,D3,Tw11,T07,IV06,47.67,9.36,,,,,,,
76,020103_Bharatpur_Hannu_PhyhumD202.table.1.selections.txt,d,wav,48.52819498,48.76073005,2229.775,6246.4,3617.578,5857.031,4016.625,0.2325,2239.453,4823.438,4995.703,2002,F5,D3,Tw11,T07,IV06,48.46,87.18,,,,,,,
77,020103_Bharatpur_Hannu_Phyhum2D202.table.1.selections.txt,d,wav,156.0270896,156.272,2162.6,5554.9,3531.445,4995.703,3392.3,0.2449,1464.258,4220.508,4565.039,2002,F5,D3,Tw11,T07,IV06,23.26,77.41,,,,,,,
78,020305_Bharatpur_Schweizer_XC347754 - Hume's Leaf Warbler - P.humei humei.table.1.selections.txt,d,mp3,1.734403929,1.947,2448.2,6343.1,4000,6000,3894.9,0.2126,2000,4750,4250,2002,F5,D3,Tw11,T07,IV06,23.26,77.41,,,,,,,
79,030615_XC749562 - Hume's Leaf Warbler - P.humei humei.table.1.selections.txt,d,mp3,12.38818986,12.61155151,1403.2,5853.3,3617.578,4737.305,4450.1,0.2234,1119.727,3962.109,3962.109,2003,F5,D3,Tw11,T08,IV06,23.26,77.41,,,,,,,
80,040926_24MD-2.10B7 P.humei Bhopal Madhya Pradesh.table.1.selections.txt,d,wav,12.53712827,12.75419579,2687.7,6009.868,3789.844,5340.234,3322.168,0.2171,1550.391,4995.703,5167.969,2004,F5,D3,Tw12,T08,IV06,22.41,78.06,,,,,,,
81,041009_Datcut29 Phylloscopus humie IIFM Bhopal Madhya Pradesh.table.1.selections.txt,d,wav,39.91304734,40.14483415,2627.3,5925,4306.641,5598.633,3297.7,0.2318,1291.992,5081.836,5512.5,2004,F5,D3,Tw12,T08,IV06,22.41,78.06,,,,,,,
82,041022_102D19 P.humei IIFM Bhopal Madhya Pradseh.table.1.selections.txt,d,wav,5.497795755,5.7256,2258.1,6162,3789.844,5254.102,3903.9,0.2278,1464.258,4909.57,4823.438,2004,F5,D3,Tw12,T08,IV06,22.41,78.06,,,,,,,
83,041224_105D95-96 P.humei Bori WLS Madhya Pradesh.table.1.selections.txt,d,wav,5.610599144,5.823,2370.4,6134.879,3531.445,5684.766,3764.479,0.2124,2153.32,4909.57,4909.57,2004,F5,D3,Tw12,T08,IV06,22.41,78.06,,,,,,,
84,041228_104D90 P.humei trochiloides Bori WLS Madhya Pradesh.table.1.selections.txt,d,wav,11.08779199,11.29942967,2605.223,6017.9,3703.711,5340.234,3412.677,0.2116,1636.523,4823.438,4995.703,2004,F5,D3,Tw12,T08,IV06,32.24,77.19,,,,,,,
85,050916_D129aCue 14 Sitta leucopsis near Manali Himachal P-humei background.table.1.selections.txt,d,wav,3.94151254,4.132371309,2862.1,5666.7,3531.445,5340.234,2804.6,0.1909,1808.789,4737.305,5167.969,2005,F5,D3,Tw12,T08,IV06,32.24,77.19,,,,,,,
86,050916_D129aCue 23 Phylloscopus spp near Manali Himachal P-humei background.table.1.selections.txt,d,wav,16.78119847,17.02040269,2114.4,6494.2,3875.977,5943.164,4379.8,0.2392,2067.188,5081.836,5167.969,2005,F5,D3,Tw12,T08,IV06,27.22,77.49,,,,,,,
87,051031_D130bCue 12 P.humei KGNP Bharatpur Rajasthan.table.1.selections.txt,d,wav,120.8294379,121.0664511,2318.7,6256.2,3875.977,5684.766,3937.5,0.237,1808.789,4823.438,4995.703,2005,F5,D3,Tw12,T08,IV06,27.22,77.49,,,,,,,
88,051031_D130bCue 12 P.humei KGNP Bharatpur Rajasthan.table.4.selections.txt,d,wav,127.5886551,127.8235261,2406.2,5845.814,3703.711,5512.5,3439.614,0.2349,1808.789,4995.703,3789.844,2005,F5,D3,Tw12,T08,IV06,23.26,77.41,,,,,,,
89,060107_D133Cue 07 P.humei U Kathotia Area near Bhopal Madhya Pradesh.table.1.selections.txt,d,wav,83.0180165,83.22709689,2858.5,6589.655,3962.109,5857.031,3731.155,0.2091,1894.922,5426.367,5426.367,2006,F6,D3,Tw13,T09,IV07,23.26,77.41,,,,,,,
90,060113_D134Cue 04 Cyornis tickelliae Sunderdev area  Khandwa Madhya Pradesh P-humei background.table.1.selections.txt,d,wav,24.92263521,25.13056939,2685.8,5846.9,3359.18,5512.5,3161.1,0.2079,2153.32,4392.773,5512.5,2006,F6,D3,Tw13,T09,IV07,21.83,76.35,,,,,,,
91,060518_Kazakhastan_DavidFarrow_XC19732 - Hume's Leaf Warbler - P.humei.table.1.selections.txt,d,mp3,5.998894548,6.204902058,3254.232,5972.052,3875.977,5340.234,2717.82,0.206,1464.258,5081.836,5254.102,2006,F6,D3,Tw13,T09,IV07,43.24,76.89,,,,,,,
92,070122_D169Cue 52 Phylloscopus U Ghana_Bharatpur Rajasthan.table.1.selections.txt,d,wav,16.62,16.86410352,2938.913,6194.6,4306.641,5943.164,3255.687,0.2441,1636.523,5254.102,5943.164,2007,F6,D3,Tw13,T09,IV07,30.32,78.03,,,,,,,
93,070204_D170Cue 83 P.humei Badkal_Faridabad Haryana.table.1.selections.txt,d,wav,43.64209577,43.89608045,2335.8,6318.7,3875.977,5857.031,3982.9,0.254,1981.055,5081.836,5857.031,2007,F6,D3,Tw13,T09,IV07,30.32,78.03,,,,,,,
94,070414_D175Cue 29 P.humei FRI_Dehradun Uttarakhand.table.1.selections.txt,d,wav,5.192597277,5.438606894,2665.385,6504.3,4909.57,5770.898,3838.915,0.246,861.328,5254.102,5254.102,2007,F6,D3,Tw13,T09,IV07,27.22,77.49,,,,,,,
95,080413_Sweden_Patrik Aberg_XC26650 - Hume's Leaf Warbler - P.humei_1.table.1.selections.txt,d,mp3,0.734683259,0.994355791,2894.3,6115.3,4048.242,5598.633,3221,0.2597,1550.391,4478.906,4478.906,2008,F6,D3,Tw14,T09,IV07,28.41,77.32,,,,,,,
96,080708_XC35295 - P.humei Sander Bot  Kazakhstan.table.1.selections.txt,d,mp3,3.071901091,3.311847328,2683,6024.1,3617.578,5512.5,3341.1,0.2399,1894.922,4823.438,4909.57,2008,F6,D3,Tw14,T09,IV07,30.32,78.03,,,,,,,
97,081105_D191Cue 37 Phylloscopus spp Sariska Rajasthan.table.1.selections.txt,d,wav,113.7694058,114.0224117,2243.684,5793.5,3531.445,5512.5,3549.816,0.253,1981.055,4565.039,4823.438,2008,F6,D3,Tw14,T09,IV07,55.56,14.35,,,,,,,
98,081106_D191Cue 45 Phylloscopus spp Sariska Rajasthan.table.1.selections.txt,d,wav,92.88433606,93.11551768,2528,6530.7,4823.438,6287.695,4002.7,0.2312,1464.258,5254.102,4909.57,2008,F6,D3,Tw14,T09,IV07,43.03,76.99,,,,,,,
99,081214_Netherlands_SanderBot_XC29026 - Hume's Leaf Warbler - P.humei.table.1.selections.txt,d,mp3,7.007824233,7.255158043,2429.876,5804.8,4048.242,5512.5,3374.924,0.2473,1464.258,4995.703,5254.102,2008,F6,D3,Tw14,T09,IV07,43.03,79,,,,,,,
100,090125_D195Cue 09 Nisaetus cirrhatus Rajaji NP Uttarakhand P-humei background.table.1.selections.txt,d,wav,62.1729,62.3978,3499.239,5800.109,4392.773,5598.633,2300.87,0.2249,1205.859,5081.836,5081.836,2009,F6,D3,Tw14,T10,IV07,27.31,76.44,,,,,,,
101,090402_D195Cue 33 P.humei+tytleri Dhanaulti Uttarakhand.table.1.selections.txt,d,wav,36.66198305,36.86418246,2638.5,6279.457,3703.711,5943.164,3640.957,0.2022,2239.453,4995.703,5081.836,2009,F6,D3,Tw14,T10,IV07,27.31,76.44,,,,,,,
102,090402_D195Cue 33 P.humei+tytleri Dhanaulti Uttarakhand.table.4.selections.txt,d,wav,44.9505115,45.17181694,2921.2,6737.5,4048.242,6201.562,3816.3,0.2213,2153.32,5512.5,5770.898,2009,F6,D3,Tw14,T10,IV07,53.03,5.72,,,,,,,
103,090403_D195Cue 45 Phylloscopus occipitalis Dhanaulti Uttarakhand P-humei background.table.1.selections.txt,d,wav,93.38069501,93.65165039,2460.4,6540.3,3617.578,5167.969,4079.9,0.271,1550.391,4909.57,4995.703,2009,F6,D3,Tw14,T10,IV07,53.03,5.72,,,,,,,
104,090403_D195Cue 45 Phylloscopus occipitalis Dhanaulti Uttarakhand P-humei background.table.4.selections.txt,d,wav,102.0099837,102.276865,2420.1,6328,3875.977,5340.234,3907.9,0.2669,1464.258,4995.703,5340.234,2009,F6,D3,Tw14,T10,IV07,53.03,5.72,,,,,,,
105,"091221_AV2817_Phylloscopus+humei_IN_1_2-16_C Sattal, Uttarakhand PCRasmussen.table.1.selections.txt",d,wav,7.324182334,7.550089647,4075.368,6325.5,4875,5906.25,2250.132,0.2259,1031.25,5343.75,5343.75,2009,F6,D3,Tw14,T10,IV07,53.03,5.72,,,,,,,
106,100215_07 P.humei U SOOR SAROVAR AGRA UP.table.1.selections.txt,e,wav,5.09382301,5.358204794,2476.385,6411.462,3875.977,5684.766,3935.077,0.2644,1808.789,4651.172,4565.039,2010,F6,D3,Tw15,T10,IV08,30.02,78.15,,,,,,,
107,100215_07 P.humei U SOOR SAROVAR AGRA UP.table.4.selections.txt,e,wav,9.784331992,10.02893449,2747.769,6479.308,4220.508,6287.695,3731.539,0.2446,2067.188,5081.836,4651.172,2010,F6,D3,Tw15,T10,IV08,30.4,78.23,,,,,,,
108,100215_10 U P.humei SOOR SAROVAR AGRA UP.table.1.selections.txt,e,wav,5.169978593,5.404064213,3424.787,6427.34,4909.57,5857.031,3002.553,0.2341,947.461,5426.367,5426.367,2010,F6,D3,Tw15,T10,IV08,30.41,78.23,,,,,,,
109,100215_10 U P.humei SOOR SAROVAR AGRA UP.table.4.selections.txt,e,wav,6.8853517,7.107927797,3180.3,6409.1,4651.172,5857.031,3228.8,0.2226,1205.859,5254.102,5254.102,2010,F6,D3,Tw15,T10,IV08,30.41,78.23,,,,,,,
110,100306_02 Pomatorhinus schisticeps FRI DEHRADUN UTTARAKHAND P-humei background.table.1.selections.txt,e,wav,47.26815479,47.51369517,2887.5,6300,4220.508,5684.766,3412.5,0.2455,1464.258,4823.438,5081.836,2010,F6,D3,Tw15,T10,IV08,43.07,76.99,,,,,,,
111,101218_10 Phylloscopus humie U Sariska Rajasthan.table.1.selections.txt,d,wav,8.837548311,9.09033221,2341.216,5704.054,3703.711,5167.969,3362.838,0.2528,1464.258,4565.039,4651.172,2010,F6,D3,Tw15,T10,IV08,42.44,70.48,,,,,,,
112,110205_Harike_AnteStrand_XC105580 - Hume's Leaf Warbler - P.humei.table.1.selections.txt,e,mp3,5.094172599,5.378388479,3409,6659.4,4651.172,6201.562,3250.4,0.2842,1550.391,5684.766,5770.898,2011,F7,D4,Tw15,T10,IV08,42.44,70.48,,,,,,,
113,110313_06 U P.humei Dehradun Uttarakhand_check background.table.1.selections.txt,e,wav,9.074444268,9.334093657,2631.8,6145.9,4306.641,5857.031,3514.1,0.2596,1550.391,4909.57,5857.031,2011,F7,D4,Tw15,T10,IV08,42.44,70.48,,,,,,,
114,110510_Kazakhistan_ArendWasinck_XC150181 - Hume's Leaf Warbler - P.humei humei.table.1.selections.txt,e,mp3,5.028682964,5.305373879,2982.172,6099.898,4220.508,5770.898,3117.726,0.2767,1550.391,4995.703,5684.766,2011,F7,D4,Tw15,T10,IV08,42.44,70.48,,,,,,,
115,110524_Kazakhistan_Patrick Franke_XC120496 - Hume's Leaf Warbler - P.humei humei.table.1.selections.txt,e,mp3,2.553776396,2.828971954,2959.091,6508.7,4048.242,6029.297,3549.609,0.2752,1981.055,4995.703,4565.039,2011,F7,D4,Tw15,T10,IV08,29.35,79.53,,,,,,,
116,120211_Bandhavgarh_Hannu_P.humei_120211_01.table.1.selections.txt,e,wav,18.22589627,18.47697798,2795.7,6107.5,4125,5812.5,3311.8,0.2511,1687.5,4781.25,4781.25,2012,F7,D4,Tw16,T11,IV08,30.09,77.98,,,,,,,
117,"121007_Xinjiang West China_Pholt_Warbler, Hume's Leaf (Xinjiang)(A7241).table.1.selections.txt",f,wav,1.774112755,2.039662158,2973.913,6182.927,4125,6000,3209.014,0.2655,1875,4875,4875,2012,F7,D4,Tw16,T11,IV08,27.18,78.01,,,,,,,
118,"121007_Xinjiang West China_Pholt_Warbler, Hume's Leaf (Xinjiang)(A7244) down sampled.table.1.selections.txt",f,wav,0.423159708,0.706212668,3081.223,6346.2,4134.375,5857.031,3264.977,0.2831,1722.656,5340.234,5512.5,2012,F7,D4,Tw16,T11,IV08,27.18,78.01,,,,,,,
119,"121007_Xinjiang_Pholt_Warbler, Hume's Leaf (Xinjiang)(A7232) downsampled.table.1.selections.txt",f,wav,23.01887849,23.29130794,2909.457,6026.2,3875.977,5512.5,3116.743,0.2724,1636.523,5167.969,5426.367,2012,F7,D4,Tw16,T11,IV08,45.59,9.88,,,,,,,
120,121103_Matheu_Corbett_00x_P. humei_022A-WA1301000x00xX-0056M0.Table.09.selections.txt,e,wav,10.0760186,10.31151672,3116.883,6721.8,4406.25,6187.5,3604.917,0.2355,1781.25,5625,6000,2012,F7,D4,Tw16,T11,IV08,30.32,78.03,,,,,,,
121,121103_Matheu_Corbett_00x_P. humei_022A-WA1301000x00xX-0056M0.table.4.selections.txt,e,wav,12.52176058,12.76175894,2839.3,6649.351,4406.25,5906.25,3810.051,0.24,1500,5343.75,5625,2012,F7,D4,Tw16,T11,IV08,30.32,78.03,,,,,,,
122,121103_Matheu_Corbett_00x_P. humei_022A-WA1301000x00xX-0056M0.table.7.selections.txt,e,wav,47.89124164,48.14393598,3207.4,6589.3,4312.5,5906.25,3381.9,0.2527,1593.75,5625,5812.5,2012,F7,D4,Tw16,T11,IV08,27.31,76.44,,,,,,,
123,121102_Sultanpur_MikeNelson_XC116652 - Hume's Leaf Warbler - P.humei humei.table.1.selections.txt,e,mp3,14.43346041,14.69182509,3084.9,6695.8,4392.773,6201.562,3610.9,0.2584,1808.789,5167.969,5254.102,2012,F7,D4,Tw16,T11,IV08,31.15,74.97,,,,,,,
124,121221_35 Phylloscopus humie U KNP_Bharatpur Rajasthan.table.1.selections.txt,xx,wav,11.3577821,11.54958584,3215.6,6533.3,4220.508,5857.031,3317.7,0.1918,1636.523,4565.039,4478.906,2012,F7,D4,Tw16,T11,IV08,28.46,76.89,,,,,,,
125,130131_Melghat_FLambert_XC149330 - Hume's Leaf Warbler - P.humei humei.table.1.selections.txt,e,mp3,0.704065149,0.981514551,3280,5942.461,4031.25,5343.75,2662.461,0.2774,1312.5,4500,4406.25,2013,F7,D4,Tw16,T11,IV08,28.46,76.89,,,,,,,
126,130201_Melghat_FLambert_XC128094 - Hume's Leaf Warbler - P.humei humei.table.1.selections.txt,e,mp3,13.67155961,13.95275561,3156.4,6330.3,3937.5,5718.75,3173.9,0.2812,1781.25,5062.5,5156.25,2013,F7,D4,Tw16,T11,IV08,22.33,80.61,,,,,,,
127,130201_Melghat_FLambert_XC128095 - Hume's Leaf Warbler - P.humei humei.table.1.selections.txt,e,mp3,1.00601249,1.267378479,2682.927,6585.366,4125,6187.5,3902.439,0.2614,2062.5,5156.25,5156.25,2013,F7,D4,Tw16,T11,IV08,43.29,76.78,,,,,,,
128,130201_Melghat_FLambert_XC128097 - Hume's Leaf Warbler - P.humei humei.table.1.selections.txt,e,mp3,0.542887813,0.785443014,3321.9,7116.7,4312.5,6375,3794.8,0.2426,2062.5,5062.5,5156.25,2013,F7,D4,Tw16,T11,IV08,47.1,82.17,,,,,,,
129,130224_ThaneMaharashtra_S-More_XC165051 - Hume's Leaf Warbler - P.humei.table.1.selections.txt,e,mp3,4.982607884,5.211247146,3160,6760,4218.75,6187.5,3600,0.2286,1968.75,5156.25,5437.5,2013,F7,D4,Tw16,T11,IV08,28.65,77.21,,,,,,,
130,130524_XC162534 - P.humei humei Patrick Franke  Mongolia.table.1.selections.txt,e,mp3,2.285908211,2.543822395,2809.6,6370.7,4306.641,5598.633,3561.1,0.2579,1291.992,5081.836,5340.234,2013,F7,D4,Tw16,T11,IV08,52.2,4.4,,,,,,,
131,130629_XC145184 - P.humei humei Thijs Fijen Kazakhstan.table.1.selections.txt,e,mp3,9.765635874,10.05249933,2272.4,6259.6,4031.25,5531.25,3987.2,0.2869,1500,4500,4875,2013,F7,D4,Tw16,T11,IV08,23.69,81.03,,,,,,,
132,140310_35 P.humei Bhindawas Haryana.table.1.selections.txt,f,wav,3.385692426,3.621459131,3041.4,6662.935,4220.508,5943.164,3621.535,0.2358,1722.656,4909.57,4909.57,2014,F7,D4,Tw17,T11,IV09,52.19,4.43,,,,,,,
133,140311_15 P.humei Bhindawas Haryana.table.1.selections.txt,f,wav,0.412414025,0.693131062,2846.6,6371,3962.109,5684.766,3524.4,0.2807,1722.656,4737.305,5254.102,2014,F7,D4,Tw17,T11,IV09,42.4,70.53,,,,,,,
134,140515_Kazakhistan_AlbertLastukhin_XC184262 - Hume's Leaf Warbler - P.humei.table.1.selections.txt,f,mp3,3.061794132,3.307075204,2837.658,6326.582,4048.242,5598.633,3488.924,0.2453,1550.391,4737.305,4392.773,2014,F7,D4,Tw17,T11,IV09,44.41,85.52,,,,,,,
135,140514_XC180338 - P.humei humei Arend Wassink  Kazakhstan.table.1.selections.txt,f,mp3,49.3707883,49.619,3167.182,6214.9,3789.844,5943.164,3047.718,0.2482,2153.32,5081.836,5081.836,2014,F7,D4,Tw17,T11,IV09,44.41,85.52,,,,,,,
136,140921_Ladakh_Hannu_P.humei_140921_02.table.1.selections.txt,xx,wav,13.22491439,13.48923672,3180.723,6655,4031.25,6375,3474.277,0.2643,2343.75,4968.75,5250,2014,F7,D4,Tw17,T11,IV09,44.2,85.62,,,,,,,
137,140922_Ladakh_Hannu_P.humei_140922_01.table.1.selections.txt,xx,wav,5.864802206,6.103710204,3441.5,6650.2,4406.25,6187.5,3208.7,0.2389,1781.25,5062.5,6187.5,2014,F7,D4,Tw17,T11,IV09,28.46,76.89,,,,,,,
138,150206_Bandhavgarh_Hannu_P.humei_150206.table.1.selections.txt,e,wav,0.649115351,0.907578593,3104.371,6290.8,4312.5,5718.75,3186.429,0.2585,1406.25,4593.75,4500,2015,F7,D4,Tw17,T12,IV09,28.46,76.89,,,,,,,
139,150329__XC304209 - P.humei humei Viral joshi India Chamoli Uttarakhand.table.1.selections.txt,e,mp3,29.25161577,29.49408219,2274.194,5951.613,4218.75,5718.75,3677.419,0.2425,1500,5062.5,4781.25,2015,F7,D4,Tw17,T12,IV09,29.53,78.77,,,,,,,
140,"151123_Haryana_Pholt_Warbler, Hume's Leaf (Haryana)(A16457).table.1.selections.txt",f,wav,4.585667592,4.848138474,2655.738,6579.2,3750,6000,3923.462,0.2625,2250,5062.5,5062.5,2015,F7,D4,Tw17,T12,IV09,27.22,77.49,,,,,,,
141,151117_07 P.humei WII Dehradun Uttarakhand.table.1.selections.txt,g,wav,62.74208194,62.98681267,3230.3,6460.7,3789.844,6029.297,3230.4,0.2447,2239.453,5081.836,5081.836,2015,F7,D4,Tw17,T12,IV09,30.32,78.03,,,,,,,
142,151211_Kanha_P.humei Call Kanha 11Dec2015 Ind2015 LS110012.table.1.selections.txt,f,wav,33.87971735,34.13549702,2648.3,6626.866,4218.75,5718.75,3978.566,0.2558,1500,5062.5,5062.5,2015,F7,D4,Tw17,T12,IV09,21.41,77.15,,,,,,,
143,151205_00 P.humei Bah Chambal UP.table.1.selections.txt,f,wav,19.85691475,20.11126297,2952.5,6017,3617.578,5598.633,3064.5,0.2543,1981.055,4737.305,4823.438,2015,F7,D4,Tw17,T12,IV09,21.41,77.15,,,,,,,
144,151205_01 P.humei Bah Chambal UP.table.1.selections.txt,f,wav,16.14130879,16.40183625,2804.3,5994.1,3703.711,5598.633,3189.8,0.2605,1894.922,4823.438,5512.5,2015,F7,D4,Tw17,T12,IV09,21.41,77.15,,,,,,,
145,151211_19 P.humei Mukki Kanha Madhya Pradesh.table.1.selections.txt,f,wav,1.580689978,1.871,3033.9,6462.9,4048.242,5857.031,3429,0.2903,1808.789,5254.102,5340.234,2015,F7,D4,Tw17,T12,IV09,21.41,77.15,,,,,,,
146,151211_19 P.humei Mukki Kanha Madhya Pradesh.table.4.selections.txt,f,wav,3.741285114,3.965640842,3033.9,6528.5,3875.977,6287.695,3494.6,0.2244,2411.719,5512.5,6287.695,2015,F7,D4,Tw17,T12,IV09,19.22,72.98,,,,,,,
147,151211_27 P.humei Mukki Kanha Madhya Pradesh.table.1.selections.txt,f,wav,19.47118921,19.71478808,3186.7,6294.6,3789.844,5943.164,3107.9,0.2436,2153.32,5167.969,5943.164,2015,F7,D4,Tw17,T12,IV09,48.13,100.26,,,,,,,
148,160116_03 P.humei Harike WLS Punjab.table.1.selections.txt,f,wav,36.95806731,37.18838711,3392.3,6663.5,3875.977,6373.828,3271.2,0.2303,2497.852,5254.102,6373.828,2016,F8,D4,Tw18,T12,IV09,28.53,76.55,,,,,,,
149,160116_22 P.humei Harike WLS Punjab.table.1.selections.txt,f,wav,3.482297181,3.71016279,2823.9,6017.8,3617.578,5684.766,3193.9,0.2279,2067.188,5081.836,5512.5,2016,F8,D4,Tw18,T12,IV09,28.53,76.55,,,,,,,
150,160420_338896901ML P.humei.table.1.selections.txt,f,mp3,0.166003119,0.426118244,3400,6666.667,3937.5,6187.5,3266.667,0.2601,2250,5250,6187.5,2016,F8,D4,Tw18,T12,IV09,28.53,76.55,,,,,,,
151,160707_16 P.humei..table.1.selections.txt,e,wav,34.15584292,34.37916536,3115.8,6198.962,3703.711,5857.031,3083.162,0.2233,2153.32,4737.305,4823.438,2016,F8,D4,Tw18,T12,IV09,42.4,70.62,,,,,,,
152,160707_19 P.humei.table.1.selections.txt,e,wav,11.92565422,12.17113396,3397.432,6414.9,4392.773,5943.164,3017.468,0.2455,1550.391,4565.039,4478.906,2016,F8,D4,Tw18,T12,IV09,41.31,69.24,,,,,,,
153,160708_08 P.humei song.table.1.selections.txt,e,wav,14.6367,14.85313409,3410.612,5965.9,3875.977,5426.367,2555.288,0.2164,1550.391,4737.305,5340.234,2016,F8,D4,Tw18,T12,IV09,43.29,76.78,,,,,,,
154,161114_04 P.humei.table.1.selections.txt,f,wav,2.414408463,2.64590597,3331.295,6598,3617.578,5684.766,3266.705,0.2315,2067.188,4478.906,3789.844,2016,F8,D4,Tw18,T12,IV09,42.59,69.28,,,,,,,
155,161114_05 P.humei+Corvus macrorhynchos.table.1.selections.txt,f,wav,3.173840385,3.419,3236,6472,3962.109,5943.164,3236,0.2452,1981.055,5167.969,5254.102,2016,F8,D4,Tw18,T12,IV09,34.23,77.56,,,,,,,
156,170120_01 P.humei.table.1.selections.txt,f,wav,24.10060101,24.31934334,3345.192,6342.6,3875.977,5684.766,2997.408,0.2187,1808.789,4651.172,4651.172,2017,F8,D4,Tw18,T12,IV09,34.23,77.56,,,,,,,
157,170531_XC414415 - P.humei humei Frank Lambert  Mongolia.table.1.selections.txt,f,mp3,12.3791,12.60628403,3057.8,6000,3750,5625,2942.2,0.2272,1875,4406.25,3843.75,2017,F8,D4,Tw18,T12,IV09,34.23,77.56,,,,,,,
158,170626_Kazakhistan_OscarCampbell_XC378883 - Hume's Leaf Warbler - P.humei.table.1.selections.txt,f,mp3,1.606614005,1.845277105,3175,6094.9,3617.578,5770.898,2919.9,0.2387,2153.32,4909.57,5081.836,2017,F8,D4,Tw18,T12,IV09,34.23,77.56,,,,,,,
159,171125_XC399040 - P.humei Ehsan Talebi Iran.table.1.selections.txt,f,mp3,0.263646029,0.472711105,3899.2,7260.5,4312.5,5437.5,3361.3,0.2091,1125,4968.75,5062.5,2017,F8,D4,Tw18,T12,IV09,23.69,81.03,,,,,,,
160,"181000_Xinjiang_PA_P.humei Call Mosuowan, Xinjiang, China XJ2018_1072.table.1.selections.txt",f,wav,81.64147859,81.88337902,2783.172,6379.7,3656.25,6000,3596.528,0.2419,2343.75,5062.5,5062.5,2018,F8,D4,Tw19,T13,IV10,30.4,79.33,,,,,,,
161,"18110x_Xinjiang_PA_P.humei Call Mosuowan, Xinjiang, China XJ2018_1102_1100.table.1.selections.txt",g,wav,0.975637707,1.233578643,2649.554,6405.884,3843.75,5625,3756.33,0.2579,1781.25,4968.75,4968.75,2018,F8,D4,Tw19,T13,IV10,30.32,78.03,,,,,,,
162,180131_Harike_Hannu_P.humei 180131.table.1.selections.txt,f,wav,0.371148179,0.594741065,3336.3,6672.6,4312.5,6375,3336.3,0.2236,2062.5,5625,6375,2018,F8,D4,Tw19,T13,IV10,28.46,76.89,,,,,,,
163,180209_Siana Rajasthan_Hannu_P.humei 180209.table.1.selections.txt,f,wav,35.90435851,36.13769604,2717,6478.9,3562.5,6000,3761.9,0.2333,2437.5,4968.75,4875,2018,F8,D4,Tw19,T13,IV10,26.87,78.59,,,,,,,
164,180203_07 P.humei.table.1.selections.txt,f,wav,8.991958412,9.256710997,3222.259,5984.356,3750,5343.75,2762.097,0.2648,1593.75,4875,5156.25,2018,F8,D4,Tw19,T13,IV10,26.87,78.59,,,,,,,
165,180204_10 P.humei.table.1.selections.txt,f,wav,25.88167666,26.14241292,3428.571,6560,3843.75,6093.75,3131.429,0.2607,2250,4687.5,3937.5,2018,F8,D4,Tw19,T13,IV10,22.33,80.61,,,,,,,
166,180205_10 P.humei Mahabaleswar.table.1.selections.txt,f,wav,10.28183717,10.54763703,2746.5,6295.8,3843.75,5812.5,3549.3,0.2658,1968.75,4968.75,4968.75,2018,F8,D4,Tw19,T13,IV10,22.33,80.61,,,,,,,
167,181211_232243771ML P.humei.table.1.selections.txt,g,wav,0.262469012,0.505118258,2837.438,6626.866,3843.75,6187.5,3789.428,0.2426,2343.75,5250,5625,2018,F8,D4,Tw19,T13,IV10,22.33,80.61,,,,,,,
168,190205_347457461ML P.humei.table.1.selections.txt,f,wav,10.01922362,10.24481269,3134.956,6758.6,3750,5906.25,3623.644,0.2256,2156.25,4406.25,4218.75,2019,F8,D4,Tw19,T13,IV10,31.15,74.97,,,,,,,
169,190219_284333ML P.humei.table.1.selections.txt,g,wav,1.919969632,2.158312596,3051.6,6604.839,4048.242,6201.562,3553.239,0.2383,2153.32,5426.367,5081.836,2019,F8,D4,Tw19,T13,IV10,31.15,74.97,,,,,,,
170,190224_284439ML P.humei.table.1.selections.txt,f,wav,9.977432229,10.20824755,2746.97,6607.576,3962.109,6201.562,3860.606,0.2308,2239.453,4995.703,5770.898,2019,F8,D4,Tw19,T13,IV10,31.15,74.97,,,,,,,
171,190310_2273 P.humei WII.table.1.selections.txt,f,wav,0.010980433,0.221055296,3012.552,6816.628,4781.25,6562.5,3804.076,0.2101,1781.25,5906.25,6468.75,2019,F8,D4,Tw19,T13,IV10,30.55,70.85,,,,,,,
172,190412_284749ML P.humei.table.1.selections.txt,g,wav,1.838390344,2.086692774,3192.982,7296,4048.242,6115.43,4103.018,0.2483,2067.188,5167.969,5081.836,2019,F8,D4,Tw19,T13,IV10,33.16,76.48,,,,,,,
173,190412_284749ML P.humei.table.4.selections.txt,g,wav,3.406784344,3.652553076,3151.515,7025.7,4220.508,6029.297,3874.185,0.2458,1808.789,4995.703,5167.969,2019,F8,D4,Tw19,T13,IV10,33.16,76.48,,,,,,,
174,190412_284759ML P.humei.table.1.selections.txt,f,wav,0.955900685,1.205,3228.865,6565,3875.977,5857.031,3336.135,0.2491,1981.055,4995.703,4995.703,2019,F8,D4,Tw19,T13,IV10,33.16,76.48,,,,,,,
175,190414_284860ML P.humei.table.1.selections.txt,g,wav,13.93421425,14.17968346,3227.852,6808.065,4048.242,5943.164,3580.213,0.2455,1894.922,5167.969,5857.031,2019,F8,D4,Tw19,T13,IV10,30.32,78.03,,,,,,,
176,190415_284924ML P.humei.table.1.selections.txt,g,wav,2.267062546,2.5026,3175.926,6406.773,3875.977,5770.898,3230.847,0.2355,1894.922,5081.836,3962.109,2019,F8,D4,Tw19,T13,IV10,30.32,78.03,,,,,,,
177,190418_284958ML P.humei.table.1.selections.txt,g,wav,1.71469426,1.952283477,3152.236,6590.132,4306.641,5857.031,3437.896,0.2376,1550.391,5254.102,5598.633,2019,F8,D4,Tw19,T13,IV10,18.52,73.86,,,,,,,
178,190718_XC495363 - P.humei Oscar Campbell Mongolia.table.1.selections.txt,f,mp3,36.63350503,36.85623665,3076.041,6280.6,3703.711,5770.898,3204.559,0.2227,2067.188,5254.102,5340.234,2019,F8,D4,Tw19,T13,IV10,30.32,78.03,,,,,,,
179,191020_MIXPRE-957 P.humei.table.1.selections.txt,g,wav,28.80160246,29.01815594,3115.369,6788.225,3843.75,6562.5,3672.856,0.2166,2718.75,5531.25,5250,2019,F8,D4,Tw19,T13,IV10,46.22,101.31,,,,,,,
180,191025_MIXPRE-964 P.humei.table.1.selections.txt,g,wav,5.447294014,5.686033001,2956.5,6386.449,3375,6000,3429.949,0.2387,2625,4875,3656.25,2019,F8,D4,Tw19,T13,IV10,43.05,76.99,,,,,,,
181,200207_India_Oscar Campbell_XC529846 - Hume's Leaf Warbler - P.humei.table.1.selections.txt,g,mp3,0.382981423,0.593965201,3123.75,6648.664,4392.773,6373.828,3524.914,0.211,1981.055,5512.5,5770.898,2020,F8,D4,Tw20,T13,IV10,27.18,57.04,,,,,,,
182,200423_MIXPRE-2017 P.humei.table.1.selections.txt,g,wav,7.374772841,7.606493159,3098.361,6049.18,4125,5625,2950.819,0.2317,1500,5343.75,5437.5,2020,F8,D4,Tw20,T13,IV10,45.12,85.99,,,,,,,
183,200925_4608 P.humei WII Dehradun Uttarakhand.table.1.selections.txt,g,wav,8.405924675,8.628569099,2886.792,6516.321,4593.75,6093.75,3629.529,0.2226,1500,5062.5,5062.5,2020,F8,D4,Tw20,T13,IV10,45.12,85.99,,,,,,,
184,201026_MIXPRE-3187 P.humei WII Dehradun Uttarakhand.table.1.selections.txt,g,wav,4.434,4.662423622,3044.1,7195.122,3656.25,6562.5,4151.022,0.2284,2906.25,5343.75,5625,2020,F8,D4,Tw20,T13,IV10,45.12,85.99,,,,,,,
185,201027_275251591ML P.humei.table.1.selections.txt,g,wav,20.375,20.627,2957.5,6337.6,3656.25,5625,3380.1,0.252,1968.75,5062.5,5437.5,2020,F8,D4,Tw20,T13,IV10,45.12,85.99,,,,,,,
186,201122_282701211ML P.humei.Table.10.selections.txt,f,wav,3.955632832,4.178133343,3326.23,6237.3,4134.375,6029.297,2911.07,0.2225,1894.922,4995.703,4737.305,2020,F8,D4,Tw20,T13,IV10,45.12,85.99,,,,,,,
187,201122_282701211ML P.humei.table.1.selections.txt,g,wav,6.739497118,6.958023681,3049.044,6412.9,4565.039,5770.898,3363.856,0.2185,1205.859,5254.102,5167.969,2020,F8,D4,Tw20,T13,IV10,45.12,85.99,,,,,,,
188,201122_282701211ML P.humei.table.7.selections.txt,g,wav,90.02582501,90.24548942,3014.396,6456.9,4909.57,6201.562,3442.504,0.2197,1291.992,5857.031,6029.297,2020,F8,D4,Tw20,T13,IV10,31.15,74.97,,,,,,,
189,201123_282279981ML P.humei.table.1.selections.txt,f,wav,0.865797551,1.062824809,3156.1,6285.4,3937.5,6093.75,3129.3,0.197,2156.25,5625,6093.75,2020,F8,D4,Tw20,T13,IV10,31.15,74.97,,,,,,,
190,201127_283225171ML P.humei.table.1.selections.txt,f,wav,2.598205792,2.807,2991.279,6579.4,3875.977,6287.695,3588.121,0.2088,2411.719,5684.766,6201.562,2020,F8,D4,Tw20,T13,IV10,31.15,74.97,,,,,,,
191,201127_283432211ML P.humei.table.1.selections.txt,g,wav,5.63660888,5.84287895,3369.906,6448.585,4134.375,6373.828,3078.679,0.2063,2239.453,5770.898,6029.297,2020,F8,D4,Tw20,T13,IV10,31.15,74.97,,,,,,,
192,201223_367754341ML P.humei.table.1.selections.txt,g,wav,1.894428872,2.123902995,3185.841,7061.947,3937.5,6187.5,3876.106,0.2295,2250,5250,5812.5,2020,F8,D4,Tw20,T13,IV10,17.93,73.65,,,,,,,
193,210104_MIXPRE-3480 P.humei WII Dehradun.table.1.selections.txt,g,wav,52.63783142,52.87032117,2715.789,6352.9,3750,5906.25,3637.111,0.2325,2156.25,4781.25,5250,2021,F9,D5,Tw20,T14,IV10,17.93,73.65,,,,,,,
194,210107_295636581ML P.humei.table.1.selections.txt,g,wav,0.284794756,0.505730893,3204.741,6700.823,4312.5,5625,3496.082,0.2209,1312.5,5250,5437.5,2021,F9,D5,Tw20,T14,IV10,17.93,73.65,,,,,,,
195,210114_MIXPRE-3507 P.humei.table.1.selections.txt,g,wav,9.865,10.101,3146.7,6560,4312.5,6281.25,3413.3,0.236,1968.75,5437.5,6093.75,2021,F9,D5,Tw20,T14,IV10,25.12,72.66,,,,,,,
196,210114_MIXPRE-3511 P.humei.table.1.selections.txt,g,wav,3.647212451,3.871650161,2776.29,6171.114,3937.5,5906.25,3394.824,0.2244,1968.75,5156.25,5718.75,2021,F9,D5,Tw20,T14,IV10,45.03,86.06,,,,,,,
197,210210_307479921ML P.humei.table.1.selections.txt,g,mp3,18.12,18.35,3064.5,6145.8,3617.578,5943.164,3081.3,0.23,2325.586,5254.102,5512.5,2021,F9,D5,Tw20,T14,IV10,45.03,86.06,,,,,,,
198,210221_MIXPRE-3602 P.humei.table.1.selections.txt,g,wav,23.53082633,23.744,2952.681,6359.621,4500,6093.75,3406.94,0.2132,1593.75,5343.75,6093.75,2021,F9,D5,Tw20,T14,IV10,28.54,77.39,,,,,,,
199,210305_MIXPRE-3624 P.humei.table.1.selections.txt,g,wav,45.5408,45.76384048,3160.334,6407.253,3750,6093.75,3246.919,0.223,2343.75,5250,5531.25,2021,F9,D5,Tw20,T14,IV10,22.74,77.74,,,,,,,
200,210425_MIXPRE-3690 P.humei.table.1.selections.txt,g,wav,29.832,30.08777355,2986.667,6613.333,3656.25,5906.25,3626.666,0.2558,2250,4968.75,4968.75,2021,F9,D5,Tw20,T14,IV10,27.22,77.49,,,,,,,
201,211009_376179951ML P.humei.table.1.selections.txt,g,wav,6.055873721,6.303041224,3082.081,6231.5,4565.039,6029.297,3149.419,0.2472,1464.258,5340.234,5340.234,2021,F9,D5,Tw20,T14,IV10,27.22,77.49,,,,,,,
202,211102_MixPre-305 P.humei+P-xanthoschistos.table.1.selections.txt,g,wav,65.835,66.08,3104.9,6475.609,4031.25,6281.25,3370.709,0.245,2250,5812.5,6281.25,2021,F9,D5,Tw20,T14,IV10,27.22,77.49,,,,,,,
203,220111_MX661 P.humei WII Dehradun.table.1.selections.txt,g,wav,4.273446442,4.496885754,2926.8,6522.6,4500,6093.75,3595.819,0.2234,1593.75,5812.5,5906.25,2022,F9,D5,Tw21,T14,IV11,26.26,73.01,,,,,,,
204,220111_MX662 P.humei diff ind WII Dehradun.table.1.selections.txt,g,wav,30.6535,30.895,2886.076,6303.797,4031.25,5343.75,3417.721,0.2415,1312.5,4593.75,4500,2022,F9,D5,Tw21,T14,IV11,30.32,78.03,,,,,,,
205,220111_MX668 P.humei diff ind WII Dehradun.table.1.selections.txt,g,wav,16.5338723,16.77242782,3032.4,6565.7,3937.5,6000,3533.216,0.2386,2062.5,4968.75,4875,2022,F9,D5,Tw21,T14,IV11,29.42,79.42,,,,,,,
206,220125_MX709 P.humei WII Dehradun.table.1.selections.txt,g,wav,37.46456228,37.70330812,2805.8,6302.2,4031.25,5343.75,3496.403,0.2387,1312.5,4687.5,4500,2022,F9,D5,Tw21,T14,IV11,29.42,79.42,,,,,,,
207,220216_MixPre-866 P.humei WII Dehrdaun.table.1.selections.txt,g,wav,10.01309246,10.21612036,2839.4,6185.9,3937.5,5625,3346.479,0.203,1687.5,4875,4687.5,2022,F9,D5,Tw21,T14,IV11,29.39,79.45,,,,,,,
208,220616_MixPre-209 P.humei.table.1.selections.txt,g,wav,4.575826761,4.801849853,3160.3,6343.5,4218.75,5812.5,3183.2,0.226,1593.75,4875,4875,2022,F9,D5,Tw21,T14,IV11,29.35,79.53,,,,,,,
209,220116_XC697468 - Hume's Leaf Warbler - P.humei.table.1.selections.txt,g,mp3,63.62195336,63.8476657,3000,6297.7,3375,5343.75,3297.71,0.2257,1968.75,4406.25,4406.25,2022,F9,D5,Tw21,T14,IV11,29.92,79.62,,,,,,,
210,220123_XC698415 - Hume's Leaf Warbler - P.humei.table.1.selections.txt,g,mp3,0.966892658,1.206883917,2939.3,5905.6,4031.25,5531.25,2966.292,0.24,1500,4593.75,4593.75,2022,F9,D5,Tw21,T14,IV11,29.57,79.05,,,,,,,
211,220223_XC704667 - Hume's Leaf Warbler - P.humei.table.1.selections.txt,g,mp3,5.587893341,5.830387603,2919.1,5760.1,3875.977,5426.367,2840.957,0.2425,1550.391,4823.438,5426.367,2022,F9,D5,Tw21,T14,IV11,46.82,102.25,,,,,,,
212,220222_XC710214 - Hume's Leaf Warbler - P.humei.table.1.selections.txt,g,mp3,2.383298469,2.605216779,3408.1,6186.2,4406.25,5906.25,2778.043,0.2219,1500,5718.75,5906.25,2022,F9,D5,Tw21,T14,IV11,30.32,78.03,,,,,,,
213,220403_XC713062 - Hume's Leaf Warbler - P.humei.table.1.selections.txt,g,mp3,7.372094372,7.604426368,3213.7,6028.6,3962.109,5598.633,2814.894,0.2323,1636.523,4909.57,5081.836,2022,F9,D5,Tw21,T14,IV11,30.32,78.03,,,,,,,
214,220619_XC738539 - Hume's Leaf Warbler - P.humei humei.table.1.selections.txt,g,mp3,2.375937143,2.593841269,2898.9,6140.2,4048.242,5684.766,3241.3,0.2179,1636.523,5081.836,5684.766,2022,F9,D5,Tw21,T14,IV11,30.32,78.03,,,,,,,
,,,,,,,,,,,,,,,,,,,,,23.34,69.27,,,,,,,
,,,,,,,,,,,,,,,,,,,,,30.32,78.03,,,,,,,
,,,,,,,,,,,,,,,,,,,,,30.32,78.03,,,,,,,
,,,,,,,,,,,,,,,,,,,,,30.32,78.03,,,,,,,
,,,,,,,,,,,,,,,,,,,,,30.32,78.03,,,,,,,
,,,,,,,,,,,,,,,,,,,,,37.02,7.93,,,,,,,
,,,,,,,,,,,,,,,,,,,,,37.02,7.93,,,,,,,
,,,,,,,,,,,,,,,,,,,,,37.02,7.93,,,,,,,
,,,,,,,,,,,,,,,,,,,,,37.02,7.93,,,,,,,
,,,,,,,,,,,,,,,,,,,,,10.5,76.71,,,,,,,
,,,,,,,,,,,,,,,,,,,,,30.32,78.03,,,,,,,
,,,,,,,,,,,,,,,,,,,,,13.37,77.68,,,,,,,
,,,,,,,,,,,,,,,,,,,,,30.32,78.03,,,,,,,
,,,,,,,,,,,,,,,,,,,,,30.32,78.03,,,,,,,
,,,,,,,,,,,,,,,,,,,,,24.45,54.38,,,,,,,
,,,,,,,,,,,,,,,,,,,,,30.32,78.03,,,,,,,
,,,,,,,,,,,,,,,,,,,,,30.32,78.03,,,,,,,
,,,,,,,,,,,,,,,,,,,,,30.32,78.03,,,,,,,
,,,,,,,,,,,,,,,,,,,,,30.32,78.03,,,,,,,
,,,,,,,,,,,,,,,,,,,,,28.7,77.1,,,,,,,
,,,,,,,,,,,,,,,,,,,,,30.32,78.03,,,,,,,
,,,,,,,,,,,,,,,,,,,,,30.32,78.03,,,,,,,
,,,,,,,,,,,,,,,,,,,,,30.32,78.03,,,,,,,
,,,,,,,,,,,,,,,,,,,,,30.32,78.03,,,,,,,
,,,,,,,,,,,,,,,,,,,,,46.16,1.15,,,,,,,
,,,,,,,,,,,,,,,,,,,,,46.16,1.15,,,,,,,
,,,,,,,,,,,,,,,,,,,,,30.32,78.03,,,,,,,
,,,,,,,,,,,,,,,,,,,,,30.32,78.03,,,,,,,
,,,,,,,,,,,,,,,,,,,,,46.23,1.54,,,,,,,
,,,,,,,,,,,,,,,,,,,,,46.16,1.15,,,,,,,
,,,,,,,,,,,,,,,,,,,,,43.58,7.05,,,,,,,
,,,,,,,,,,,,,,,,,,,,,30.32,78.03,,,,,,,
,,,,,,,,,,,,,,,,,,,,,43.09,76.73,,,,,,,